彰化縣,彰化縣彰化市,一心南街
彰化縣,彰化縣彰化市,一心南街
彰化縣,彰化縣彰化市,三村路
彰化縣,彰化縣彰化市,三村路
彰化縣,彰化縣彰化市,三福街
彰化縣,彰化縣彰化市,三福街
彰化縣,彰化縣彰化市,中央路
彰化縣,彰化縣彰化市,中央路
彰化縣,彰化縣彰化市,中彰路
彰化縣,彰化縣彰化市,中彰路
彰化縣,彰化縣彰化市,中民街
彰化縣,彰化縣彰化市,中民街
彰化縣,彰化縣彰化市,中華西路
彰化縣,彰化縣彰化市,中華西路
彰化縣,彰化縣彰化市,互助一街
彰化縣,彰化縣彰化市,互助一街
彰化縣,彰化縣彰化市,互助二街
彰化縣,彰化縣彰化市,互助二街
彰化縣,彰化縣彰化市,仁愛路
彰化縣,彰化縣彰化市,仁愛路
彰化縣,彰化縣彰化市,介壽南路
彰化縣,彰化縣彰化市,介壽南路
彰化縣,彰化縣彰化市,健興路
彰化縣,彰化縣彰化市,健興路
彰化縣,彰化縣彰化市,光華街
彰化縣,彰化縣彰化市,光華街
彰化縣,彰化縣彰化市,公園路
彰化縣,彰化縣彰化市,公園路
彰化縣,彰化縣彰化市,力行路
彰化縣,彰化縣彰化市,力行路
彰化縣,彰化縣彰化市,北館街
彰化縣,彰化縣彰化市,北館街
彰化縣,彰化縣彰化市,南成街
彰化縣,彰化縣彰化市,南成街
彰化縣,彰化縣彰化市,南瑶路
彰化縣,彰化縣彰化市,南瑶路
彰化縣,彰化縣彰化市,南郭路
彰化縣,彰化縣彰化市,南郭路
彰化縣,彰化縣彰化市,博愛街
彰化縣,彰化縣彰化市,博愛街
彰化縣,彰化縣彰化市,台化街
彰化縣,彰化縣彰化市,台化街
彰化縣,彰化縣彰化市,吉祥街
彰化縣,彰化縣彰化市,吉祥街
彰化縣,彰化縣彰化市,和平路
彰化縣,彰化縣彰化市,和平路
彰化縣,彰化縣彰化市,國聖路
彰化縣,彰化縣彰化市,國聖路
彰化縣,彰化縣彰化市,城中街
彰化縣,彰化縣彰化市,城中街
彰化縣,彰化縣彰化市,埔中三街
彰化縣,彰化縣彰化市,埔中三街
彰化縣,彰化縣彰化市,埔內街
彰化縣,彰化縣彰化市,埔內街
彰化縣,彰化縣彰化市,埔南街
彰化縣,彰化縣彰化市,埔南街
彰化縣,彰化縣彰化市,埔市街
彰化縣,彰化縣彰化市,埔市街
彰化縣,彰化縣彰化市,埔西街
彰化縣,彰化縣彰化市,埔西街
彰化縣,彰化縣彰化市,大埔路
彰化縣,彰化縣彰化市,大埔路
彰化縣,彰化縣彰化市,大智路
彰化縣,彰化縣彰化市,大智路
彰化縣,彰化縣彰化市,太平街
彰化縣,彰化縣彰化市,太平街
彰化縣,彰化縣彰化市,孔門路
彰化縣,彰化縣彰化市,孔門路
彰化縣,彰化縣彰化市,學前街
彰化縣,彰化縣彰化市,學前街
彰化縣,彰化縣彰化市,安平街
彰化縣,彰化縣彰化市,安平街
彰化縣,彰化縣彰化市,安溪西路
彰化縣,彰化縣彰化市,安溪西路
彰化縣,彰化縣彰化市,實踐路
彰化縣,彰化縣彰化市,實踐路
彰化縣,彰化縣彰化市,寶山路
彰化縣,彰化縣彰化市,寶山路
彰化縣,彰化縣彰化市,寶聖路
彰化縣,彰化縣彰化市,寶聖路
彰化縣,彰化縣彰化市,崙平南路
彰化縣,彰化縣彰化市,崙平南路
彰化縣,彰化縣彰化市,工校街
彰化縣,彰化縣彰化市,工校街
彰化縣,彰化縣彰化市,平和一街
彰化縣,彰化縣彰化市,平和一街
彰化縣,彰化縣彰化市,平和三街
彰化縣,彰化縣彰化市,平和三街
彰化縣,彰化縣彰化市,平和五街
彰化縣,彰化縣彰化市,平和五街
彰化縣,彰化縣彰化市,平和六街
彰化縣,彰化縣彰化市,平和六街
彰化縣,彰化縣彰化市,平和十三街
彰化縣,彰化縣彰化市,平和十三街
彰化縣,彰化縣彰化市,平和十四街
彰化縣,彰化縣彰化市,平和十四街
彰化縣,彰化縣彰化市,平安街
彰化縣,彰化縣彰化市,平安街
彰化縣,彰化縣彰化市,平順一街
彰化縣,彰化縣彰化市,平順一街
彰化縣,彰化縣彰化市,平順街
彰化縣,彰化縣彰化市,平順街
彰化縣,彰化縣彰化市,延平路
彰化縣,彰化縣彰化市,延平路
彰化縣,彰化縣彰化市,建中街
彰化縣,彰化縣彰化市,建中街
彰化縣,彰化縣彰化市,建國北路
彰化縣,彰化縣彰化市,建國北路
彰化縣,彰化縣彰化市,建國東路
彰化縣,彰化縣彰化市,建國東路
彰化縣,彰化縣彰化市,建寶街
彰化縣,彰化縣彰化市,建寶街
彰化縣,彰化縣彰化市,建文街
彰化縣,彰化縣彰化市,建文街
彰化縣,彰化縣彰化市,彰和路
彰化縣,彰化縣彰化市,彰和路
彰化縣,彰化縣彰化市,彰新路
彰化縣,彰化縣彰化市,彰新路
彰化縣,彰化縣彰化市,彰泰一街
彰化縣,彰化縣彰化市,彰泰一街
彰化縣,彰化縣彰化市,彰泰二街
彰化縣,彰化縣彰化市,彰泰二街
彰化縣,彰化縣彰化市,彰秀路
彰化縣,彰化縣彰化市,彰秀路
彰化縣,彰化縣彰化市,彰興街
彰化縣,彰化縣彰化市,彰興街
彰化縣,彰化縣彰化市,彰草路
彰化縣,彰化縣彰化市,彰草路
彰化縣,彰化縣彰化市,彰鹿路
彰化縣,彰化縣彰化市,彰鹿路
彰化縣,彰化縣彰化市,忠勢街
彰化縣,彰化縣彰化市,忠勢街
彰化縣,彰化縣彰化市,忠義街
彰化縣,彰化縣彰化市,忠義街
彰化縣,彰化縣彰化市,慈生街
彰化縣,彰化縣彰化市,慈生街
彰化縣,彰化縣彰化市,文心街
彰化縣,彰化縣彰化市,文心街
彰化縣,彰化縣彰化市,旭光西路
彰化縣,彰化縣彰化市,旭光西路
彰化縣,彰化縣彰化市,景宗街
彰化縣,彰化縣彰化市,景宗街
彰化縣,彰化縣彰化市,東民街
彰化縣,彰化縣彰化市,東民街
彰化縣,彰化縣彰化市,林森路
彰化縣,彰化縣彰化市,林森路
彰化縣,彰化縣彰化市,民族一街
彰化縣,彰化縣彰化市,民族一街
彰化縣,彰化縣彰化市,民權路
彰化縣,彰化縣彰化市,民權路
彰化縣,彰化縣彰化市,民生路
彰化縣,彰化縣彰化市,民生路
彰化縣,彰化縣彰化市,水尾二路
彰化縣,彰化縣彰化市,水尾二路
彰化縣,彰化縣彰化市,水源路
彰化縣,彰化縣彰化市,水源路
彰化縣,彰化縣彰化市,永安街
彰化縣,彰化縣彰化市,永安街
彰化縣,彰化縣彰化市,永昌街
彰化縣,彰化縣彰化市,永昌街
彰化縣,彰化縣彰化市,永泰街
彰化縣,彰化縣彰化市,永泰街
彰化縣,彰化縣彰化市,永興街
彰化縣,彰化縣彰化市,永興街
彰化縣,彰化縣彰化市,永華街
彰化縣,彰化縣彰化市,永華街
彰化縣,彰化縣彰化市,泰和中街
彰化縣,彰化縣彰化市,泰和中街
彰化縣,彰化縣彰化市,泰和路
彰化縣,彰化縣彰化市,泰和路
彰化縣,彰化縣彰化市,泰安二街
彰化縣,彰化縣彰化市,泰安二街
彰化縣,彰化縣彰化市,泰祥街
彰化縣,彰化縣彰化市,泰祥街
彰化縣,彰化縣彰化市,温泉路
彰化縣,彰化縣彰化市,温泉路
彰化縣,彰化縣彰化市,環山路
彰化縣,彰化縣彰化市,環山路
彰化縣,彰化縣彰化市,環河街
彰化縣,彰化縣彰化市,環河街
彰化縣,彰化縣彰化市,田坑路
彰化縣,彰化縣彰化市,田坑路
彰化縣,彰化縣彰化市,磚󿾨路
彰化縣,彰化縣彰化市,磚󿾨路
彰化縣,彰化縣彰化市,福山街
彰化縣,彰化縣彰化市,福山街
彰化縣,彰化縣彰化市,福東街
彰化縣,彰化縣彰化市,福東街
彰化縣,彰化縣彰化市,福田二路
彰化縣,彰化縣彰化市,福田二路
彰化縣,彰化縣彰化市,福鎮街
彰化縣,彰化縣彰化市,福鎮街
彰化縣,彰化縣彰化市,福馬街
彰化縣,彰化縣彰化市,福馬街
彰化縣,彰化縣彰化市,竹中路
彰化縣,彰化縣彰化市,竹中路
彰化縣,彰化縣彰化市,竹和路
彰化縣,彰化縣彰化市,竹和路
彰化縣,彰化縣彰化市,精誠路
彰化縣,彰化縣彰化市,精誠路
彰化縣,彰化縣彰化市,線東路
彰化縣,彰化縣彰化市,線東路
彰化縣,彰化縣彰化市,聖安路
彰化縣,彰化縣彰化市,聖安路
彰化縣,彰化縣彰化市,自強路
彰化縣,彰化縣彰化市,自強路
彰化縣,彰化縣彰化市,自立街
彰化縣,彰化縣彰化市,自立街
彰化縣,彰化縣彰化市,芳草街
彰化縣,彰化縣彰化市,芳草街
彰化縣,彰化縣彰化市,茄南街
彰化縣,彰化縣彰化市,茄南街
彰化縣,彰化縣彰化市,菜巿街
彰化縣,彰化縣彰化市,菜巿街
彰化縣,彰化縣彰化市,華山路
彰化縣,彰化縣彰化市,華山路
彰化縣,彰化縣彰化市,虎崗路
彰化縣,彰化縣彰化市,虎崗路
彰化縣,彰化縣彰化市,西勢街
彰化縣,彰化縣彰化市,西勢街
彰化縣,彰化縣彰化市,西興東路
彰化縣,彰化縣彰化市,西興東路
彰化縣,彰化縣彰化市,辭修北路
彰化縣,彰化縣彰化市,辭修北路
彰化縣,彰化縣彰化市,進德路
彰化縣,彰化縣彰化市,進德路
彰化縣,彰化縣彰化市,金馬路
彰化縣,彰化縣彰化市,金馬路
彰化縣,彰化縣彰化市,長安街
彰化縣,彰化縣彰化市,長安街
彰化縣,彰化縣彰化市,長興街
彰化縣,彰化縣彰化市,長興街
彰化縣,彰化縣彰化市,陳稜路
彰化縣,彰化縣彰化市,陳稜路
彰化縣,彰化縣彰化市,雲長路
彰化縣,彰化縣彰化市,雲長路
彰化縣,彰化縣彰化市,龍涎路
彰化縣,彰化縣彰化市,龍涎路
彰化縣,彰化縣彰化市,龍門二街
彰化縣,彰化縣彰化市,龍門二街
彰化縣,彰化縣鹿港鎮,中山路
彰化縣,彰化縣鹿港鎮,中山路
彰化縣,彰化縣鹿港鎮,中華街
彰化縣,彰化縣鹿港鎮,中華街
彰化縣,彰化縣鹿港鎮,介壽路
彰化縣,彰化縣鹿港鎮,介壽路
彰化縣,彰化縣鹿港鎮,光復路
彰化縣,彰化縣鹿港鎮,光復路
彰化縣,彰化縣鹿港鎮,光武街
彰化縣,彰化縣鹿港鎮,光武街
彰化縣,彰化縣鹿港鎮,公園一路
彰化縣,彰化縣鹿港鎮,公園一路
彰化縣,彰化縣鹿港鎮,公園二路
彰化縣,彰化縣鹿港鎮,公園二路
彰化縣,彰化縣鹿港鎮,公正街
彰化縣,彰化縣鹿港鎮,公正街
彰化縣,彰化縣鹿港鎮,力行街
彰化縣,彰化縣鹿港鎮,力行街
彰化縣,彰化縣鹿港鎮,北興街
彰化縣,彰化縣鹿港鎮,北興街
彰化縣,彰化縣鹿港鎮,博愛路
彰化縣,彰化縣鹿港鎮,博愛路
彰化縣,彰化縣鹿港鎮,吉安一街
彰化縣,彰化縣鹿港鎮,吉安一街
彰化縣,彰化縣鹿港鎮,四維路
彰化縣,彰化縣鹿港鎮,四維路
彰化縣,彰化縣鹿港鎮,大明路
彰化縣,彰化縣鹿港鎮,大明路
彰化縣,彰化縣鹿港鎮,天后路
彰化縣,彰化縣鹿港鎮,天后路
彰化縣,彰化縣鹿港鎮,媽祖路
彰化縣,彰化縣鹿港鎮,媽祖路
彰化縣,彰化縣鹿港鎮,安和街
彰化縣,彰化縣鹿港鎮,安和街
彰化縣,彰化縣鹿港鎮,安寧街
彰化縣,彰化縣鹿港鎮,安寧街
彰化縣,彰化縣鹿港鎮,安樂街
彰化縣,彰化縣鹿港鎮,安樂街
彰化縣,彰化縣鹿港鎮,安泰街
彰化縣,彰化縣鹿港鎮,安泰街
彰化縣,彰化縣鹿港鎮,安福街
彰化縣,彰化縣鹿港鎮,安福街
彰化縣,彰化縣鹿港鎮,安順街
彰化縣,彰化縣鹿港鎮,安順街
彰化縣,彰化縣鹿港鎮,富麗二街
彰化縣,彰化縣鹿港鎮,富麗二街
彰化縣,彰化縣鹿港鎮,崇文路
彰化縣,彰化縣鹿港鎮,崇文路
彰化縣,彰化縣鹿港鎮,工業東三路
彰化縣,彰化縣鹿港鎮,工業東三路
彰化縣,彰化縣鹿港鎮,工業東四路
彰化縣,彰化縣鹿港鎮,工業東四路
彰化縣,彰化縣鹿港鎮,工業西七路
彰化縣,彰化縣鹿港鎮,工業西七路
彰化縣,彰化縣鹿港鎮,工業西五路
彰化縣,彰化縣鹿港鎮,工業西五路
彰化縣,彰化縣鹿港鎮,平和路
彰化縣,彰化縣鹿港鎮,平和路
彰化縣,彰化縣鹿港鎮,彰濱五路
彰化縣,彰化縣鹿港鎮,彰濱五路
彰化縣,彰化縣鹿港鎮,彰鹿路
彰化縣,彰化縣鹿港鎮,彰鹿路
彰化縣,彰化縣鹿港鎮,復興南路
彰化縣,彰化縣鹿港鎮,復興南路
彰化縣,彰化縣鹿港鎮,德興街
彰化縣,彰化縣鹿港鎮,德興街
彰化縣,彰化縣鹿港鎮,思源路
彰化縣,彰化縣鹿港鎮,思源路
彰化縣,彰化縣鹿港鎮,成功路
彰化縣,彰化縣鹿港鎮,成功路
彰化縣,彰化縣鹿港鎮,文成街
彰化縣,彰化縣鹿港鎮,文成街
彰化縣,彰化縣鹿港鎮,文明街
彰化縣,彰化縣鹿港鎮,文明街
彰化縣,彰化縣鹿港鎮,文興街
彰化縣,彰化縣鹿港鎮,文興街
彰化縣,彰化縣鹿港鎮,新生街
彰化縣,彰化縣鹿港鎮,新生街
彰化縣,彰化縣鹿港鎮,新興街
彰化縣,彰化縣鹿港鎮,新興街
彰化縣,彰化縣鹿港鎮,明德街
彰化縣,彰化縣鹿港鎮,明德街
彰化縣,彰化縣鹿港鎮,明禮街
彰化縣,彰化縣鹿港鎮,明禮街
彰化縣,彰化縣鹿港鎮,景興街
彰化縣,彰化縣鹿港鎮,景興街
彰化縣,彰化縣鹿港鎮,杉行街
彰化縣,彰化縣鹿港鎮,杉行街
彰化縣,彰化縣鹿港鎮,東興路
彰化縣,彰化縣鹿港鎮,東興路
彰化縣,彰化縣鹿港鎮,東隆路
彰化縣,彰化縣鹿港鎮,東隆路
彰化縣,彰化縣鹿港鎮,正義街
彰化縣,彰化縣鹿港鎮,正義街
彰化縣,彰化縣鹿港鎮,民主街
彰化縣,彰化縣鹿港鎮,民主街
彰化縣,彰化縣鹿港鎮,民族路
彰化縣,彰化縣鹿港鎮,民族路
彰化縣,彰化縣鹿港鎮,民權路
彰化縣,彰化縣鹿港鎮,民權路
彰化縣,彰化縣鹿港鎮,民生路
彰化縣,彰化縣鹿港鎮,民生路
彰化縣,彰化縣鹿港鎮,永和街
彰化縣,彰化縣鹿港鎮,永和街
彰化縣,彰化縣鹿港鎮,永安三路
彰化縣,彰化縣鹿港鎮,永安三路
彰化縣,彰化縣鹿港鎮,永定街
彰化縣,彰化縣鹿港鎮,永定街
彰化縣,彰化縣鹿港鎮,永平街
彰化縣,彰化縣鹿港鎮,永平街
彰化縣,彰化縣鹿港鎮,永昌街
彰化縣,彰化縣鹿港鎮,永昌街
彰化縣,彰化縣鹿港鎮,永東街
彰化縣,彰化縣鹿港鎮,永東街
彰化縣,彰化縣鹿港鎮,永瑞街
彰化縣,彰化縣鹿港鎮,永瑞街
彰化縣,彰化縣鹿港鎮,永福路
彰化縣,彰化縣鹿港鎮,永福路
彰化縣,彰化縣鹿港鎮,永裕街
彰化縣,彰化縣鹿港鎮,永裕街
彰化縣,彰化縣鹿港鎮,永靖路
彰化縣,彰化縣鹿港鎮,永靖路
彰化縣,彰化縣鹿港鎮,泉州街
彰化縣,彰化縣鹿港鎮,泉州街
彰化縣,彰化縣鹿港鎮,海浴路
彰化縣,彰化縣鹿港鎮,海浴路
彰化縣,彰化縣鹿港鎮,漳洲街
彰化縣,彰化縣鹿港鎮,漳洲街
彰化縣,彰化縣鹿港鎮,瑤林街
彰化縣,彰化縣鹿港鎮,瑤林街
彰化縣,彰化縣鹿港鎮,環工七路
彰化縣,彰化縣鹿港鎮,環工七路
彰化縣,彰化縣鹿港鎮,環工九路
彰化縣,彰化縣鹿港鎮,環工九路
彰化縣,彰化縣鹿港鎮,環工五路
彰化縣,彰化縣鹿港鎮,環工五路
彰化縣,彰化縣鹿港鎮,環工六路
彰化縣,彰化縣鹿港鎮,環工六路
彰化縣,彰化縣鹿港鎮,環工十六路
彰化縣,彰化縣鹿港鎮,環工十六路
彰化縣,彰化縣鹿港鎮,環河南路
彰化縣,彰化縣鹿港鎮,環河南路
彰化縣,彰化縣鹿港鎮,省中街
彰化縣,彰化縣鹿港鎮,省中街
彰化縣,彰化縣鹿港鎮,祥和三街
彰化縣,彰化縣鹿港鎮,祥和三街
彰化縣,彰化縣鹿港鎮,福崙街
彰化縣,彰化縣鹿港鎮,福崙街
彰化縣,彰化縣鹿港鎮,立德街
彰化縣,彰化縣鹿港鎮,立德街
彰化縣,彰化縣鹿港鎮,經建十一路
彰化縣,彰化縣鹿港鎮,經建十一路
彰化縣,彰化縣鹿港鎮,育才街
彰化縣,彰化縣鹿港鎮,育才街
彰化縣,彰化縣鹿港鎮,臨海路
彰化縣,彰化縣鹿港鎮,臨海路
彰化縣,彰化縣鹿港鎮,自治街
彰化縣,彰化縣鹿港鎮,自治街
彰化縣,彰化縣鹿港鎮,自立街
彰化縣,彰化縣鹿港鎮,自立街
彰化縣,彰化縣鹿港鎮,興化街
彰化縣,彰化縣鹿港鎮,興化街
彰化縣,彰化縣鹿港鎮,興隆街
彰化縣,彰化縣鹿港鎮,興隆街
彰化縣,彰化縣鹿港鎮,萬壽路
彰化縣,彰化縣鹿港鎮,萬壽路
彰化縣,彰化縣鹿港鎮,親民路
彰化縣,彰化縣鹿港鎮,親民路
彰化縣,彰化縣鹿港鎮,輔導路
彰化縣,彰化縣鹿港鎮,輔導路
彰化縣,彰化縣鹿港鎮,金門街
彰化縣,彰化縣鹿港鎮,金門街
彰化縣,彰化縣鹿港鎮,青雲路
彰化縣,彰化縣鹿港鎮,青雲路
彰化縣,彰化縣鹿港鎮,頂新街
彰化縣,彰化縣鹿港鎮,頂新街
彰化縣,彰化縣鹿港鎮,館前街
彰化縣,彰化縣鹿港鎮,館前街
彰化縣,彰化縣鹿港鎮,鹿工北一路
彰化縣,彰化縣鹿港鎮,鹿工北一路
彰化縣,彰化縣鹿港鎮,鹿工北二路
彰化縣,彰化縣鹿港鎮,鹿工北二路
彰化縣,彰化縣鹿港鎮,鹿工北六路
彰化縣,彰化縣鹿港鎮,鹿工北六路
彰化縣,彰化縣鹿港鎮,鹿工南七路
彰化縣,彰化縣鹿港鎮,鹿工南七路
彰化縣,彰化縣鹿港鎮,鹿工南二路
彰化縣,彰化縣鹿港鎮,鹿工南二路
彰化縣,彰化縣鹿港鎮,鹿工南六路
彰化縣,彰化縣鹿港鎮,鹿工南六路
彰化縣,彰化縣鹿港鎮,鹿工路
彰化縣,彰化縣鹿港鎮,鹿工路
彰化縣,彰化縣鹿港鎮,鹿東路
彰化縣,彰化縣鹿港鎮,鹿東路
彰化縣,彰化縣鹿港鎮,鹿興路
彰化縣,彰化縣鹿港鎮,鹿興路
彰化縣,彰化縣鹿港鎮,鹿西路
彰化縣,彰化縣鹿港鎮,鹿西路
彰化縣,彰化縣鹿港鎮,龍舟路
彰化縣,彰化縣鹿港鎮,龍舟路
彰化縣,彰化縣和美鎮,中和街
彰化縣,彰化縣和美鎮,中和街
彰化縣,彰化縣和美鎮,中正路
彰化縣,彰化縣和美鎮,中正路
彰化縣,彰化縣和美鎮,仁中街
彰化縣,彰化縣和美鎮,仁中街
彰化縣,彰化縣和美鎮,仁化路
彰化縣,彰化縣和美鎮,仁化路
彰化縣,彰化縣和美鎮,仁壽路
彰化縣,彰化縣和美鎮,仁壽路
彰化縣,彰化縣和美鎮,仁安路
彰化縣,彰化縣和美鎮,仁安路
彰化縣,彰化縣和美鎮,仁愛路
彰化縣,彰化縣和美鎮,仁愛路
彰化縣,彰化縣和美鎮,仁望路
彰化縣,彰化縣和美鎮,仁望路
彰化縣,彰化縣和美鎮,仁美路
彰化縣,彰化縣和美鎮,仁美路
彰化縣,彰化縣和美鎮,仁里路
彰化縣,彰化縣和美鎮,仁里路
彰化縣,彰化縣和美鎮,保北路
彰化縣,彰化縣和美鎮,保北路
彰化縣,彰化縣和美鎮,信義路
彰化縣,彰化縣和美鎮,信義路
彰化縣,彰化縣和美鎮,倡和街
彰化縣,彰化縣和美鎮,倡和街
彰化縣,彰化縣和美鎮,健康新村三街
彰化縣,彰化縣和美鎮,健康新村三街
彰化縣,彰化縣和美鎮,健康新村五街
彰化縣,彰化縣和美鎮,健康新村五街
彰化縣,彰化縣和美鎮,健康新村四街
彰化縣,彰化縣和美鎮,健康新村四街
彰化縣,彰化縣和美鎮,北園路
彰化縣,彰化縣和美鎮,北園路
彰化縣,彰化縣和美鎮,北安路
彰化縣,彰化縣和美鎮,北安路
彰化縣,彰化縣和美鎮,北川路
彰化縣,彰化縣和美鎮,北川路
彰化縣,彰化縣和美鎮,北明路
彰化縣,彰化縣和美鎮,北明路
彰化縣,彰化縣和美鎮,北溪路
彰化縣,彰化縣和美鎮,北溪路
彰化縣,彰化縣和美鎮,北辰路
彰化縣,彰化縣和美鎮,北辰路
彰化縣,彰化縣和美鎮,北郭路
彰化縣,彰化縣和美鎮,北郭路
彰化縣,彰化縣和美鎮,南安路
彰化縣,彰化縣和美鎮,南安路
彰化縣,彰化縣和美鎮,南軒路
彰化縣,彰化縣和美鎮,南軒路
彰化縣,彰化縣和美鎮,南雷路
彰化縣,彰化縣和美鎮,南雷路
彰化縣,彰化縣和美鎮,友東路
彰化縣,彰化縣和美鎮,友東路
彰化縣,彰化縣和美鎮,和健二街
彰化縣,彰化縣和美鎮,和健二街
彰化縣,彰化縣和美鎮,和光路
彰化縣,彰化縣和美鎮,和光路
彰化縣,彰化縣和美鎮,和卿路
彰化縣,彰化縣和美鎮,和卿路
彰化縣,彰化縣和美鎮,和善東路
彰化縣,彰化縣和美鎮,和善東路
彰化縣,彰化縣和美鎮,和安街
彰化縣,彰化縣和美鎮,和安街
彰化縣,彰化縣和美鎮,和愛街
彰化縣,彰化縣和美鎮,和愛街
彰化縣,彰化縣和美鎮,和林路
彰化縣,彰化縣和美鎮,和林路
彰化縣,彰化縣和美鎮,和泰路
彰化縣,彰化縣和美鎮,和泰路
彰化縣,彰化縣和美鎮,和潭路
彰化縣,彰化縣和美鎮,和潭路
彰化縣,彰化縣和美鎮,和興路
彰化縣,彰化縣和美鎮,和興路
彰化縣,彰化縣和美鎮,和順路
彰化縣,彰化縣和美鎮,和順路
彰化縣,彰化縣和美鎮,啓東路
彰化縣,彰化縣和美鎮,啓東路
彰化縣,彰化縣和美鎮,嘉卿路
彰化縣,彰化縣和美鎮,嘉卿路
彰化縣,彰化縣和美鎮,大佃路
彰化縣,彰化縣和美鎮,大佃路
彰化縣,彰化縣和美鎮,孝倫路
彰化縣,彰化縣和美鎮,孝倫路
彰化縣,彰化縣和美鎮,孝友路
彰化縣,彰化縣和美鎮,孝友路
彰化縣,彰化縣和美鎮,孝廉路
彰化縣,彰化縣和美鎮,孝廉路
彰化縣,彰化縣和美鎮,孝悌路
彰化縣,彰化縣和美鎮,孝悌路
彰化縣,彰化縣和美鎮,孝文路
彰化縣,彰化縣和美鎮,孝文路
彰化縣,彰化縣和美鎮,孝武路
彰化縣,彰化縣和美鎮,孝武路
彰化縣,彰化縣和美鎮,孝行路
彰化縣,彰化縣和美鎮,孝行路
彰化縣,彰化縣和美鎮,定南路
彰化縣,彰化縣和美鎮,定南路
彰化縣,彰化縣和美鎮,工東三路
彰化縣,彰化縣和美鎮,工東三路
彰化縣,彰化縣和美鎮,平原路
彰化縣,彰化縣和美鎮,平原路
彰化縣,彰化縣和美鎮,平山路
彰化縣,彰化縣和美鎮,平山路
彰化縣,彰化縣和美鎮,平等路
彰化縣,彰化縣和美鎮,平等路
彰化縣,彰化縣和美鎮,建東路
彰化縣,彰化縣和美鎮,建東路
彰化縣,彰化縣和美鎮,彰新路
彰化縣,彰化縣和美鎮,彰新路
彰化縣,彰化縣和美鎮,彰草路
彰化縣,彰化縣和美鎮,彰草路
彰化縣,彰化縣和美鎮,德南路
彰化縣,彰化縣和美鎮,德南路
彰化縣,彰化縣和美鎮,忠仁街
彰化縣,彰化縣和美鎮,忠仁街
彰化縣,彰化縣和美鎮,忠全路
彰化縣,彰化縣和美鎮,忠全路
彰化縣,彰化縣和美鎮,忠勤路
彰化縣,彰化縣和美鎮,忠勤路
彰化縣,彰化縣和美鎮,忠孝路
彰化縣,彰化縣和美鎮,忠孝路
彰化縣,彰化縣和美鎮,忠愛街
彰化縣,彰化縣和美鎮,忠愛街
彰化縣,彰化縣和美鎮,忠清路
彰化縣,彰化縣和美鎮,忠清路
彰化縣,彰化縣和美鎮,忠行路
彰化縣,彰化縣和美鎮,忠行路
彰化縣,彰化縣和美鎮,思北路
彰化縣,彰化縣和美鎮,思北路
彰化縣,彰化縣和美鎮,惠來一路
彰化縣,彰化縣和美鎮,惠來一路
彰化縣,彰化縣和美鎮,惠來二路
彰化縣,彰化縣和美鎮,惠來二路
彰化縣,彰化縣和美鎮,惠來路
彰化縣,彰化縣和美鎮,惠來路
彰化縣,彰化縣和美鎮,惠文街
彰化縣,彰化縣和美鎮,惠文街
彰化縣,彰化縣和美鎮,愛和路
彰化縣,彰化縣和美鎮,愛和路
彰化縣,彰化縣和美鎮,愛德路
彰化縣,彰化縣和美鎮,愛德路
彰化縣,彰化縣和美鎮,愛惜路
彰化縣,彰化縣和美鎮,愛惜路
彰化縣,彰化縣和美鎮,愛民路
彰化縣,彰化縣和美鎮,愛民路
彰化縣,彰化縣和美鎮,愛渾路
彰化縣,彰化縣和美鎮,愛渾路
彰化縣,彰化縣和美鎮,愛禮路
彰化縣,彰化縣和美鎮,愛禮路
彰化縣,彰化縣和美鎮,愛美路
彰化縣,彰化縣和美鎮,愛美路
彰化縣,彰化縣和美鎮,愛聞路
彰化縣,彰化縣和美鎮,愛聞路
彰化縣,彰化縣和美鎮,愛鄉路
彰化縣,彰化縣和美鎮,愛鄉路
彰化縣,彰化縣和美鎮,指南路
彰化縣,彰化縣和美鎮,指南路
彰化縣,彰化縣和美鎮,新中路
彰化縣,彰化縣和美鎮,新中路
彰化縣,彰化縣和美鎮,晉北路
彰化縣,彰化縣和美鎮,晉北路
彰化縣,彰化縣和美鎮,月北路
彰化縣,彰化縣和美鎮,月北路
彰化縣,彰化縣和美鎮,東原路
彰化縣,彰化縣和美鎮,東原路
彰化縣,彰化縣和美鎮,東安路
彰化縣,彰化縣和美鎮,東安路
彰化縣,彰化縣和美鎮,東平路
彰化縣,彰化縣和美鎮,東平路
彰化縣,彰化縣和美鎮,東溪路
彰化縣,彰化縣和美鎮,東溪路
彰化縣,彰化縣和美鎮,東祥路
彰化縣,彰化縣和美鎮,東祥路
彰化縣,彰化縣和美鎮,東谷路
彰化縣,彰化縣和美鎮,東谷路
彰化縣,彰化縣和美鎮,東順路
彰化縣,彰化縣和美鎮,東順路
彰化縣,彰化縣和美鎮,桂東路
彰化縣,彰化縣和美鎮,桂東路
彰化縣,彰化縣和美鎮,水源路
彰化縣,彰化縣和美鎮,水源路
彰化縣,彰化縣和美鎮,永東街
彰化縣,彰化縣和美鎮,永東街
彰化縣,彰化縣和美鎮,渭南路
彰化縣,彰化縣和美鎮,渭南路
彰化縣,彰化縣和美鎮,湖地路
彰化縣,彰化縣和美鎮,湖地路
彰化縣,彰化縣和美鎮,潭北路
彰化縣,彰化縣和美鎮,潭北路
彰化縣,彰化縣和美鎮,皓東路
彰化縣,彰化縣和美鎮,皓東路
彰化縣,彰化縣和美鎮,福北路
彰化縣,彰化縣和美鎮,福北路
彰化縣,彰化縣和美鎮,秀東路
彰化縣,彰化縣和美鎮,秀東路
彰化縣,彰化縣和美鎮,糖友一街
彰化縣,彰化縣和美鎮,糖友一街
彰化縣,彰化縣和美鎮,糖友二街
彰化縣,彰化縣和美鎮,糖友二街
彰化縣,彰化縣和美鎮,糖東二街
彰化縣,彰化縣和美鎮,糖東二街
彰化縣,彰化縣和美鎮,線東路
彰化縣,彰化縣和美鎮,線東路
彰化縣,彰化縣和美鎮,美港公路
彰化縣,彰化縣和美鎮,美港公路
彰化縣,彰化縣和美鎮,義勇街
彰化縣,彰化縣和美鎮,義勇街
彰化縣,彰化縣和美鎮,義安路
彰化縣,彰化縣和美鎮,義安路
彰化縣,彰化縣和美鎮,興工路
彰化縣,彰化縣和美鎮,興工路
彰化縣,彰化縣和美鎮,菊東路
彰化縣,彰化縣和美鎮,菊東路
彰化縣,彰化縣和美鎮,西園路
彰化縣,彰化縣和美鎮,西園路
彰化縣,彰化縣和美鎮,西川路
彰化縣,彰化縣和美鎮,西川路
彰化縣,彰化縣和美鎮,西美路
彰化縣,彰化縣和美鎮,西美路
彰化縣,彰化縣和美鎮,西調路
彰化縣,彰化縣和美鎮,西調路
彰化縣,彰化縣和美鎮,輝南路
彰化縣,彰化縣和美鎮,輝南路
彰化縣,彰化縣和美鎮,道周路
彰化縣,彰化縣和美鎮,道周路
彰化縣,彰化縣和美鎮,錦西路
彰化縣,彰化縣和美鎮,錦西路
彰化縣,彰化縣和美鎮,鎮東路
彰化縣,彰化縣和美鎮,鎮東路
彰化縣,彰化縣和美鎮,鐵勢路
彰化縣,彰化縣和美鎮,鐵勢路
彰化縣,彰化縣和美鎮,靖東路
彰化縣,彰化縣和美鎮,靖東路
彰化縣,彰化縣線西鄉,下塭路
彰化縣,彰化縣線西鄉,下塭路
彰化縣,彰化縣線西鄉,中央路
彰化縣,彰化縣線西鄉,中央路
彰化縣,彰化縣線西鄉,中山街
彰化縣,彰化縣線西鄉,中山街
彰化縣,彰化縣線西鄉,中華東路
彰化縣,彰化縣線西鄉,中華東路
彰化縣,彰化縣線西鄉,中車路
彰化縣,彰化縣線西鄉,中車路
彰化縣,彰化縣線西鄉,和樂路
彰化縣,彰化縣線西鄉,和樂路
彰化縣,彰化縣線西鄉,塭仔路
彰化縣,彰化縣線西鄉,塭仔路
彰化縣,彰化縣線西鄉,崁頂路
彰化縣,彰化縣線西鄉,崁頂路
彰化縣,彰化縣線西鄉,彰濱東七路
彰化縣,彰化縣線西鄉,彰濱東七路
彰化縣,彰化縣線西鄉,彰濱東九路
彰化縣,彰化縣線西鄉,彰濱東九路
彰化縣,彰化縣線西鄉,彰濱東五路
彰化縣,彰化縣線西鄉,彰濱東五路
彰化縣,彰化縣線西鄉,彰濱東六路
彰化縣,彰化縣線西鄉,彰濱東六路
彰化縣,彰化縣線西鄉,彰濱東十路
彰化縣,彰化縣線西鄉,彰濱東十路
彰化縣,彰化縣線西鄉,彰濱西一路
彰化縣,彰化縣線西鄉,彰濱西一路
彰化縣,彰化縣線西鄉,彰濱西二路
彰化縣,彰化縣線西鄉,彰濱西二路
彰化縣,彰化縣線西鄉,彰濱西四路
彰化縣,彰化縣線西鄉,彰濱西四路
彰化縣,彰化縣線西鄉,德興路
彰化縣,彰化縣線西鄉,德興路
彰化縣,彰化縣線西鄉,慶安南二路
彰化縣,彰化縣線西鄉,慶安南二路
彰化縣,彰化縣線西鄉,慶安路
彰化縣,彰化縣線西鄉,慶安路
彰化縣,彰化縣線西鄉,慶福路
彰化縣,彰化縣線西鄉,慶福路
彰化縣,彰化縣線西鄉,東興路
彰化縣,彰化縣線西鄉,東興路
彰化縣,彰化縣線西鄉,永安北路
彰化縣,彰化縣線西鄉,永安北路
彰化縣,彰化縣線西鄉,溝內路
彰化縣,彰化縣線西鄉,溝內路
彰化縣,彰化縣線西鄉,線伸路
彰化縣,彰化縣線西鄉,線伸路
彰化縣,彰化縣線西鄉,線工北一路
彰化縣,彰化縣線西鄉,線工北一路
彰化縣,彰化縣線西鄉,線工南三街
彰化縣,彰化縣線西鄉,線工南三街
彰化縣,彰化縣線西鄉,線工路
彰化縣,彰化縣線西鄉,線工路
彰化縣,彰化縣線西鄉,線東路
彰化縣,彰化縣線西鄉,線東路
彰化縣,彰化縣線西鄉,育英路
彰化縣,彰化縣線西鄉,育英路
彰化縣,彰化縣線西鄉,草豐路
彰化縣,彰化縣線西鄉,草豐路
彰化縣,彰化縣線西鄉,見興路
彰化縣,彰化縣線西鄉,見興路
彰化縣,彰化縣線西鄉,頂庄路
彰化縣,彰化縣線西鄉,頂庄路
彰化縣,彰化縣線西鄉,頂興路
彰化縣,彰化縣線西鄉,頂興路
彰化縣,彰化縣伸港鄉,中山東路
彰化縣,彰化縣伸港鄉,中山東路
彰化縣,彰化縣伸港鄉,中正路
彰化縣,彰化縣伸港鄉,中正路
彰化縣,彰化縣伸港鄉,中興三街
彰化縣,彰化縣伸港鄉,中興三街
彰化縣,彰化縣伸港鄉,中興二街
彰化縣,彰化縣伸港鄉,中興二街
彰化縣,彰化縣伸港鄉,中興八街
彰化縣,彰化縣伸港鄉,中興八街
彰化縣,彰化縣伸港鄉,中興十街
彰化縣,彰化縣伸港鄉,中興十街
彰化縣,彰化縣伸港鄉,中華路
彰化縣,彰化縣伸港鄉,中華路
彰化縣,彰化縣伸港鄉,什股一街
彰化縣,彰化縣伸港鄉,什股一街
彰化縣,彰化縣伸港鄉,什股三街
彰化縣,彰化縣伸港鄉,什股三街
彰化縣,彰化縣伸港鄉,什股二街
彰化縣,彰化縣伸港鄉,什股二街
彰化縣,彰化縣伸港鄉,什股八街
彰化縣,彰化縣伸港鄉,什股八街
彰化縣,彰化縣伸港鄉,什股十一街
彰化縣,彰化縣伸港鄉,什股十一街
彰化縣,彰化縣伸港鄉,什股路
彰化縣,彰化縣伸港鄉,什股路
彰化縣,彰化縣伸港鄉,仁興路
彰化縣,彰化縣伸港鄉,仁興路
彰化縣,彰化縣伸港鄉,信義一街
彰化縣,彰化縣伸港鄉,信義一街
彰化縣,彰化縣伸港鄉,信義路
彰化縣,彰化縣伸港鄉,信義路
彰化縣,彰化縣伸港鄉,全興路
彰化縣,彰化縣伸港鄉,全興路
彰化縣,彰化縣伸港鄉,公西街
彰化縣,彰化縣伸港鄉,公西街
彰化縣,彰化縣伸港鄉,和平路
彰化縣,彰化縣伸港鄉,和平路
彰化縣,彰化縣伸港鄉,嘉三街
彰化縣,彰化縣伸港鄉,嘉三街
彰化縣,彰化縣伸港鄉,嘉二路
彰化縣,彰化縣伸港鄉,嘉二路
彰化縣,彰化縣伸港鄉,嘉興路
彰化縣,彰化縣伸港鄉,嘉興路
彰化縣,彰化縣伸港鄉,埤墘一路
彰化縣,彰化縣伸港鄉,埤墘一路
彰化縣,彰化縣伸港鄉,大同一街
彰化縣,彰化縣伸港鄉,大同一街
彰化縣,彰化縣伸港鄉,大同三街
彰化縣,彰化縣伸港鄉,大同三街
彰化縣,彰化縣伸港鄉,大同二街
彰化縣,彰化縣伸港鄉,大同二街
彰化縣,彰化縣伸港鄉,大同八街
彰化縣,彰化縣伸港鄉,大同八街
彰化縣,彰化縣伸港鄉,大同十一街
彰化縣,彰化縣伸港鄉,大同十一街
彰化縣,彰化縣伸港鄉,大同十街
彰化縣,彰化縣伸港鄉,大同十街
彰化縣,彰化縣伸港鄉,定興路
彰化縣,彰化縣伸港鄉,定興路
彰化縣,彰化縣伸港鄉,崙頂街
彰化縣,彰化縣伸港鄉,崙頂街
彰化縣,彰化縣伸港鄉,工三路
彰化縣,彰化縣伸港鄉,工三路
彰化縣,彰化縣伸港鄉,工八路
彰化縣,彰化縣伸港鄉,工八路
彰化縣,彰化縣伸港鄉,工東一路
彰化縣,彰化縣伸港鄉,工東一路
彰化縣,彰化縣伸港鄉,工東二路
彰化縣,彰化縣伸港鄉,工東二路
彰化縣,彰化縣伸港鄉,工西二路
彰化縣,彰化縣伸港鄉,工西二路
彰化縣,彰化縣伸港鄉,建國七街
彰化縣,彰化縣伸港鄉,建國七街
彰化縣,彰化縣伸港鄉,建國九街
彰化縣,彰化縣伸港鄉,建國九街
彰化縣,彰化縣伸港鄉,建國五街
彰化縣,彰化縣伸港鄉,建國五街
彰化縣,彰化縣伸港鄉,建國六街
彰化縣,彰化縣伸港鄉,建國六街
彰化縣,彰化縣伸港鄉,建國十三街
彰化縣,彰化縣伸港鄉,建國十三街
彰化縣,彰化縣伸港鄉,建國十街
彰化縣,彰化縣伸港鄉,建國十街
彰化縣,彰化縣伸港鄉,建興一街
彰化縣,彰化縣伸港鄉,建興一街
彰化縣,彰化縣伸港鄉,建興二街
彰化縣,彰化縣伸港鄉,建興二街
彰化縣,彰化縣伸港鄉,建興四街
彰化縣,彰化縣伸港鄉,建興四街
彰化縣,彰化縣伸港鄉,彰新路
彰化縣,彰化縣伸港鄉,彰新路
彰化縣,彰化縣伸港鄉,彰濱西五路
彰化縣,彰化縣伸港鄉,彰濱西五路
彰化縣,彰化縣伸港鄉,忠孝東街
彰化縣,彰化縣伸港鄉,忠孝東街
彰化縣,彰化縣伸港鄉,慶安北路
彰化縣,彰化縣伸港鄉,慶安北路
彰化縣,彰化縣伸港鄉,慶安路
彰化縣,彰化縣伸港鄉,慶安路
彰化縣,彰化縣伸港鄉,文工一街
彰化縣,彰化縣伸港鄉,文工一街
彰化縣,彰化縣伸港鄉,文工三街
彰化縣,彰化縣伸港鄉,文工三街
彰化縣,彰化縣伸港鄉,文工二街
彰化縣,彰化縣伸港鄉,文工二街
彰化縣,彰化縣伸港鄉,文工八街
彰化縣,彰化縣伸港鄉,文工八街
彰化縣,彰化縣伸港鄉,文工十一街
彰化縣,彰化縣伸港鄉,文工十一街
彰化縣,彰化縣伸港鄉,文工十二街
彰化縣,彰化縣伸港鄉,文工十二街
彰化縣,彰化縣伸港鄉,新港路
彰化縣,彰化縣伸港鄉,新港路
彰化縣,彰化縣伸港鄉,曾家路
彰化縣,彰化縣伸港鄉,曾家路
彰化縣,彰化縣伸港鄉,東州路
彰化縣,彰化縣伸港鄉,東州路
彰化縣,彰化縣伸港鄉,水尾路
彰化縣,彰化縣伸港鄉,水尾路
彰化縣,彰化縣伸港鄉,汴頭路
彰化縣,彰化縣伸港鄉,汴頭路
彰化縣,彰化縣伸港鄉,泉州路
彰化縣,彰化縣伸港鄉,泉州路
彰化縣,彰化縣伸港鄉,溪底路
彰化縣,彰化縣伸港鄉,溪底路
彰化縣,彰化縣伸港鄉,濱海路
彰化縣,彰化縣伸港鄉,濱海路
彰化縣,彰化縣伸港鄉,線伸路
彰化縣,彰化縣伸港鄉,線伸路
彰化縣,彰化縣伸港鄉,線工北三路
彰化縣,彰化縣伸港鄉,線工北三路
彰化縣,彰化縣伸港鄉,自強六街
彰化縣,彰化縣伸港鄉,自強六街
彰化縣,彰化縣伸港鄉,興工路
彰化縣,彰化縣伸港鄉,興工路
彰化縣,彰化縣伸港鄉,蚵寮路
彰化縣,彰化縣伸港鄉,蚵寮路
彰化縣,彰化縣伸港鄉,西濱路
彰化縣,彰化縣伸港鄉,西濱路
彰化縣,彰化縣伸港鄉,長春路
彰化縣,彰化縣伸港鄉,長春路
彰化縣,彰化縣福興鄉,中正路
彰化縣,彰化縣福興鄉,中正路
彰化縣,彰化縣福興鄉,南環路
彰化縣,彰化縣福興鄉,南環路
彰化縣,彰化縣福興鄉,員鹿路
彰化縣,彰化縣福興鄉,員鹿路
彰化縣,彰化縣福興鄉,外中街
彰化縣,彰化縣福興鄉,外中街
彰化縣,彰化縣福興鄉,平和路
彰化縣,彰化縣福興鄉,平和路
彰化縣,彰化縣福興鄉,彰水路
彰化縣,彰化縣福興鄉,彰水路
彰化縣,彰化縣福興鄉,復興南路
彰化縣,彰化縣福興鄉,復興南路
彰化縣,彰化縣福興鄉,文化街
彰化縣,彰化縣福興鄉,文化街
彰化縣,彰化縣福興鄉,東隆路
彰化縣,彰化縣福興鄉,東隆路
彰化縣,彰化縣福興鄉,橋和街
彰化縣,彰化縣福興鄉,橋和街
彰化縣,彰化縣福興鄉,橋興街
彰化縣,彰化縣福興鄉,橋興街
彰化縣,彰化縣福興鄉,沿海路
彰化縣,彰化縣福興鄉,沿海路
彰化縣,彰化縣福興鄉,番社街
彰化縣,彰化縣福興鄉,番社街
彰化縣,彰化縣福興鄉,番花路
彰化縣,彰化縣福興鄉,番花路
彰化縣,彰化縣福興鄉,福三路
彰化縣,彰化縣福興鄉,福三路
彰化縣,彰化縣福興鄉,福建路
彰化縣,彰化縣福興鄉,福建路
彰化縣,彰化縣福興鄉,福興路
彰化縣,彰化縣福興鄉,福興路
彰化縣,彰化縣福興鄉,秀厝一街
彰化縣,彰化縣福興鄉,秀厝一街
彰化縣,彰化縣福興鄉,秀安一街
彰化縣,彰化縣福興鄉,秀安一街
彰化縣,彰化縣福興鄉,管厝街
彰化縣,彰化縣福興鄉,管厝街
彰化縣,彰化縣福興鄉,興業路
彰化縣,彰化縣福興鄉,興業路
彰化縣,彰化縣福興鄉,西勢街
彰化縣,彰化縣福興鄉,西勢街
彰化縣,彰化縣福興鄉,阿力街
彰化縣,彰化縣福興鄉,阿力街
彰化縣,彰化縣福興鄉,鹿興路
彰化縣,彰化縣福興鄉,鹿興路
彰化縣,彰化縣福興鄉,龍舟路
彰化縣,彰化縣福興鄉,龍舟路
彰化縣,彰化縣秀水鄉,三民街
彰化縣,彰化縣秀水鄉,三民街
彰化縣,彰化縣秀水鄉,三越街
彰化縣,彰化縣秀水鄉,三越街
彰化縣,彰化縣秀水鄉,中山路
彰化縣,彰化縣秀水鄉,中山路
彰化縣,彰化縣秀水鄉,埔鹿街
彰化縣,彰化縣秀水鄉,埔鹿街
彰化縣,彰化縣秀水鄉,安樂街
彰化縣,彰化縣秀水鄉,安樂街
彰化縣,彰化縣秀水鄉,安鶴路
彰化縣,彰化縣秀水鄉,安鶴路
彰化縣,彰化縣秀水鄉,平安一街
彰化縣,彰化縣秀水鄉,平安一街
彰化縣,彰化縣秀水鄉,平安二街
彰化縣,彰化縣秀水鄉,平安二街
彰化縣,彰化縣秀水鄉,平安六街
彰化縣,彰化縣秀水鄉,平安六街
彰化縣,彰化縣秀水鄉,彰平路
彰化縣,彰化縣秀水鄉,彰平路
彰化縣,彰化縣秀水鄉,彰秀路
彰化縣,彰化縣秀水鄉,彰秀路
彰化縣,彰化縣秀水鄉,彰鹿路
彰化縣,彰化縣秀水鄉,彰鹿路
彰化縣,彰化縣秀水鄉,文化街
彰化縣,彰化縣秀水鄉,文化街
彰化縣,彰化縣秀水鄉,明山街
彰化縣,彰化縣秀水鄉,明山街
彰化縣,彰化縣秀水鄉,正興路
彰化縣,彰化縣秀水鄉,正興路
彰化縣,彰化縣秀水鄉,民意街
彰化縣,彰化縣秀水鄉,民意街
彰化縣,彰化縣秀水鄉,溪心街
彰化縣,彰化縣秀水鄉,溪心街
彰化縣,彰化縣秀水鄉,環河南路
彰化縣,彰化縣秀水鄉,環河南路
彰化縣,彰化縣秀水鄉,福功路
彰化縣,彰化縣秀水鄉,福功路
彰化縣,彰化縣秀水鄉,秀中街
彰化縣,彰化縣秀水鄉,秀中街
彰化縣,彰化縣秀水鄉,秀福路
彰化縣,彰化縣秀水鄉,秀福路
彰化縣,彰化縣秀水鄉,義興街
彰化縣,彰化縣秀水鄉,義興街
彰化縣,彰化縣秀水鄉,花秀路
彰化縣,彰化縣秀水鄉,花秀路
彰化縣,彰化縣秀水鄉,馬鳴路
彰化縣,彰化縣秀水鄉,馬鳴路
彰化縣,彰化縣花壇鄉,中北街
彰化縣,彰化縣花壇鄉,中北街
彰化縣,彰化縣花壇鄉,中春路
彰化縣,彰化縣花壇鄉,中春路
彰化縣,彰化縣花壇鄉,中正東街
彰化縣,彰化縣花壇鄉,中正東街
彰化縣,彰化縣花壇鄉,仁愛街
彰化縣,彰化縣花壇鄉,仁愛街
彰化縣,彰化縣花壇鄉,內厝街
彰化縣,彰化縣花壇鄉,內厝街
彰化縣,彰化縣花壇鄉,口庄街
彰化縣,彰化縣花壇鄉,口庄街
彰化縣,彰化縣花壇鄉,大彰路
彰化縣,彰化縣花壇鄉,大彰路
彰化縣,彰化縣花壇鄉,學士街
彰化縣,彰化縣花壇鄉,學士街
彰化縣,彰化縣花壇鄉,宏宅街
彰化縣,彰化縣花壇鄉,宏宅街
彰化縣,彰化縣花壇鄉,平和街
彰化縣,彰化縣花壇鄉,平和街
彰化縣,彰化縣花壇鄉,彰花路
彰化縣,彰化縣花壇鄉,彰花路
彰化縣,彰化縣花壇鄉,成功街
彰化縣,彰化縣花壇鄉,成功街
彰化縣,彰化縣花壇鄉,明德街
彰化縣,彰化縣花壇鄉,明德街
彰化縣,彰化縣花壇鄉,榮興路
彰化縣,彰化縣花壇鄉,榮興路
彰化縣,彰化縣花壇鄉,泰元街
彰化縣,彰化縣花壇鄉,泰元街
彰化縣,彰化縣花壇鄉,溪南街
彰化縣,彰化縣花壇鄉,溪南街
彰化縣,彰化縣花壇鄉,灣東路
彰化縣,彰化縣花壇鄉,灣東路
彰化縣,彰化縣花壇鄉,環山路
彰化縣,彰化縣花壇鄉,環山路
彰化縣,彰化縣花壇鄉,番花路
彰化縣,彰化縣花壇鄉,番花路
彰化縣,彰化縣花壇鄉,竹子街
彰化縣,彰化縣花壇鄉,竹子街
彰化縣,彰化縣花壇鄉,花南路
彰化縣,彰化縣花壇鄉,花南路
彰化縣,彰化縣花壇鄉,花橋街
彰化縣,彰化縣花壇鄉,花橋街
彰化縣,彰化縣花壇鄉,茄苳路
彰化縣,彰化縣花壇鄉,茄苳路
彰化縣,彰化縣花壇鄉,虎山街
彰化縣,彰化縣花壇鄉,虎山街
彰化縣,彰化縣花壇鄉,車路街
彰化縣,彰化縣花壇鄉,車路街
彰化縣,彰化縣花壇鄉,金墩街
彰化縣,彰化縣花壇鄉,金墩街
彰化縣,彰化縣花壇鄉,長昇街
彰化縣,彰化縣花壇鄉,長昇街
彰化縣,彰化縣芬園鄉,中正街
彰化縣,彰化縣芬園鄉,中正街
彰化縣,彰化縣芬園鄉,中華路
彰化縣,彰化縣芬園鄉,中華路
彰化縣,彰化縣芬園鄉,信義路
彰化縣,彰化縣芬園鄉,信義路
彰化縣,彰化縣芬園鄉,光華路
彰化縣,彰化縣芬園鄉,光華路
彰化縣,彰化縣芬園鄉,南妙街
彰化縣,彰化縣芬園鄉,南妙街
彰化縣,彰化縣芬園鄉,和平路
彰化縣,彰化縣芬園鄉,和平路
彰化縣,彰化縣芬園鄉,員草路
彰化縣,彰化縣芬園鄉,員草路
彰化縣,彰化縣芬園鄉,嘉北街
彰化縣,彰化縣芬園鄉,嘉北街
彰化縣,彰化縣芬園鄉,大埔路
彰化縣,彰化縣芬園鄉,大埔路
彰化縣,彰化縣芬園鄉,太平路
彰化縣,彰化縣芬園鄉,太平路
彰化縣,彰化縣芬園鄉,山安路
彰化縣,彰化縣芬園鄉,山安路
彰化縣,彰化縣芬園鄉,復興路
彰化縣,彰化縣芬園鄉,復興路
彰化縣,彰化縣芬園鄉,忠孝路
彰化縣,彰化縣芬園鄉,忠孝路
彰化縣,彰化縣芬園鄉,成功路
彰化縣,彰化縣芬園鄉,成功路
彰化縣,彰化縣芬園鄉,楓林街
彰化縣,彰化縣芬園鄉,楓林街
彰化縣,彰化縣芬園鄉,民族路
彰化縣,彰化縣芬園鄉,民族路
彰化縣,彰化縣芬園鄉,民生路
彰化縣,彰化縣芬園鄉,民生路
彰化縣,彰化縣芬園鄉,永樂路
彰化縣,彰化縣芬園鄉,永樂路
彰化縣,彰化縣芬園鄉,碧園路
彰化縣,彰化縣芬園鄉,碧園路
彰化縣,彰化縣芬園鄉,竹東路
彰化縣,彰化縣芬園鄉,竹東路
彰化縣,彰化縣芬園鄉,縣芬路
彰化縣,彰化縣芬園鄉,縣芬路
彰化縣,彰化縣芬園鄉,義興路
彰化縣,彰化縣芬園鄉,義興路
彰化縣,彰化縣芬園鄉,護岸街
彰化縣,彰化縣芬園鄉,護岸街
彰化縣,彰化縣員林市,三多一街
彰化縣,彰化縣員林市,三多一街
彰化縣,彰化縣員林市,三多三街
彰化縣,彰化縣員林市,三多三街
彰化縣,彰化縣員林市,三多五街
彰化縣,彰化縣員林市,三多五街
彰化縣,彰化縣員林市,三多六街
彰化縣,彰化縣員林市,三多六街
彰化縣,彰化縣員林市,三多街
彰化縣,彰化縣員林市,三多街
彰化縣,彰化縣員林市,三橋街
彰化縣,彰化縣員林市,三橋街
彰化縣,彰化縣員林市,三民街
彰化縣,彰化縣員林市,三民街
彰化縣,彰化縣員林市,三福街
彰化縣,彰化縣員林市,三福街
彰化縣,彰化縣員林市,中央路
彰化縣,彰化縣員林市,中央路
彰化縣,彰化縣員林市,中山路
彰化縣,彰化縣員林市,中山路
彰化縣,彰化縣員林市,九分路
彰化縣,彰化縣員林市,九分路
彰化縣,彰化縣員林市,僑信街
彰化縣,彰化縣員林市,僑信街
彰化縣,彰化縣員林市,光明南街
彰化縣,彰化縣員林市,光明南街
彰化縣,彰化縣員林市,光華街
彰化縣,彰化縣員林市,光華街
彰化縣,彰化縣員林市,北和街
彰化縣,彰化縣員林市,北和街
彰化縣,彰化縣員林市,南平一街
彰化縣,彰化縣員林市,南平一街
彰化縣,彰化縣員林市,南平二街
彰化縣,彰化縣員林市,南平二街
彰化縣,彰化縣員林市,南平四街
彰化縣,彰化縣員林市,南平四街
彰化縣,彰化縣員林市,南平街
彰化縣,彰化縣員林市,南平街
彰化縣,彰化縣員林市,南昌東路
彰化縣,彰化縣員林市,南昌東路
彰化縣,彰化縣員林市,南潭路
彰化縣,彰化縣員林市,南潭路
彰化縣,彰化縣員林市,博愛路
彰化縣,彰化縣員林市,博愛路
彰化縣,彰化縣員林市,合作街
彰化縣,彰化縣員林市,合作街
彰化縣,彰化縣員林市,和平街
彰化縣,彰化縣員林市,和平街
彰化縣,彰化縣員林市,員埔路
彰化縣,彰化縣員林市,員埔路
彰化縣,彰化縣員林市,員東路
彰化縣,彰化縣員林市,員東路
彰化縣,彰化縣員林市,員水路
彰化縣,彰化縣員林市,員水路
彰化縣,彰化縣員林市,員農街
彰化縣,彰化縣員林市,員農街
彰化縣,彰化縣員林市,員鹿路
彰化縣,彰化縣員林市,員鹿路
彰化縣,彰化縣員林市,四維街
彰化縣,彰化縣員林市,四維街
彰化縣,彰化縣員林市,多福街
彰化縣,彰化縣員林市,多福街
彰化縣,彰化縣員林市,大仁街
彰化縣,彰化縣員林市,大仁街
彰化縣,彰化縣員林市,大同路
彰化縣,彰化縣員林市,大同路
彰化縣,彰化縣員林市,大安街
彰化縣,彰化縣員林市,大安街
彰化縣,彰化縣員林市,大成街
彰化縣,彰化縣員林市,大成街
彰化縣,彰化縣員林市,大智街
彰化縣,彰化縣員林市,大智街
彰化縣,彰化縣員林市,大益街
彰化縣,彰化縣員林市,大益街
彰化縣,彰化縣員林市,安平街
彰化縣,彰化縣員林市,安平街
彰化縣,彰化縣員林市,山脚路
彰化縣,彰化縣員林市,山脚路
彰化縣,彰化縣員林市,復興一街
彰化縣,彰化縣員林市,復興一街
彰化縣,彰化縣員林市,復興二街
彰化縣,彰化縣員林市,復興二街
彰化縣,彰化縣員林市,復興六街
彰化縣,彰化縣員林市,復興六街
彰化縣,彰化縣員林市,忠孝一街
彰化縣,彰化縣員林市,忠孝一街
彰化縣,彰化縣員林市,恵明街
彰化縣,彰化縣員林市,恵明街
彰化縣,彰化縣員林市,惠來街
彰化縣,彰化縣員林市,惠來街
彰化縣,彰化縣員林市,惠安街
彰化縣,彰化縣員林市,惠安街
彰化縣,彰化縣員林市,惠農路
彰化縣,彰化縣員林市,惠農路
彰化縣,彰化縣員林市,成功路
彰化縣,彰化縣員林市,成功路
彰化縣,彰化縣員林市,新義街
彰化縣,彰化縣員林市,新義街
彰化縣,彰化縣員林市,新雅路
彰化縣,彰化縣員林市,新雅路
彰化縣,彰化縣員林市,昌平街
彰化縣,彰化縣員林市,昌平街
彰化縣,彰化縣員林市,明倫三街
彰化縣,彰化縣員林市,明倫三街
彰化縣,彰化縣員林市,明倫五街
彰化縣,彰化縣員林市,明倫五街
彰化縣,彰化縣員林市,明德街
彰化縣,彰化縣員林市,明德街
彰化縣,彰化縣員林市,東南路
彰化縣,彰化縣員林市,東南路
彰化縣,彰化縣員林市,林森路
彰化縣,彰化縣員林市,林森路
彰化縣,彰化縣員林市,柳橋路
彰化縣,彰化縣員林市,柳橋路
彰化縣,彰化縣員林市,條和七街
彰化縣,彰化縣員林市,條和七街
彰化縣,彰化縣員林市,條和二街
彰化縣,彰化縣員林市,條和二街
彰化縣,彰化縣員林市,條和八街
彰化縣,彰化縣員林市,條和八街
彰化縣,彰化縣員林市,條和十一街
彰化縣,彰化縣員林市,條和十一街
彰化縣,彰化縣員林市,條和十街
彰化縣,彰化縣員林市,條和十街
彰化縣,彰化縣員林市,條和街
彰化縣,彰化縣員林市,條和街
彰化縣,彰化縣員林市,橋愛七街
彰化縣,彰化縣員林市,橋愛七街
彰化縣,彰化縣員林市,橋愛五街
彰化縣,彰化縣員林市,橋愛五街
彰化縣,彰化縣員林市,橋愛東街
彰化縣,彰化縣員林市,橋愛東街
彰化縣,彰化縣員林市,正興街
彰化縣,彰化縣員林市,正興街
彰化縣,彰化縣員林市,民權街
彰化縣,彰化縣員林市,民權街
彰化縣,彰化縣員林市,永吉街
彰化縣,彰化縣員林市,永吉街
彰化縣,彰化縣員林市,永安街
彰化縣,彰化縣員林市,永安街
彰化縣,彰化縣員林市,永康街
彰化縣,彰化縣員林市,永康街
彰化縣,彰化縣員林市,永春街
彰化縣,彰化縣員林市,永春街
彰化縣,彰化縣員林市,永興街
彰化縣,彰化縣員林市,永興街
彰化縣,彰化縣員林市,法院南街
彰化縣,彰化縣員林市,法院南街
彰化縣,彰化縣員林市,湖水路
彰化縣,彰化縣員林市,湖水路
彰化縣,彰化縣員林市,源泉路
彰化縣,彰化縣員林市,源泉路
彰化縣,彰化縣員林市,溝皂一街
彰化縣,彰化縣員林市,溝皂一街
彰化縣,彰化縣員林市,溝皂九街
彰化縣,彰化縣員林市,溝皂九街
彰化縣,彰化縣員林市,溝皂五街
彰化縣,彰化縣員林市,溝皂五街
彰化縣,彰化縣員林市,溝皂北一街
彰化縣,彰化縣員林市,溝皂北一街
彰化縣,彰化縣員林市,溝皂北二街
彰化縣,彰化縣員林市,溝皂北二街
彰化縣,彰化縣員林市,溝皂東街
彰化縣,彰化縣員林市,溝皂東街
彰化縣,彰化縣員林市,瑞平街
彰化縣,彰化縣員林市,瑞平街
彰化縣,彰化縣員林市,益民一街
彰化縣,彰化縣員林市,益民一街
彰化縣,彰化縣員林市,益民北街
彰化縣,彰化縣員林市,益民北街
彰化縣,彰化縣員林市,祥和街
彰化縣,彰化縣員林市,祥和街
彰化縣,彰化縣員林市,福德街
彰化縣,彰化縣員林市,福德街
彰化縣,彰化縣員林市,福榮街
彰化縣,彰化縣員林市,福榮街
彰化縣,彰化縣員林市,育英路
彰化縣,彰化縣員林市,育英路
彰化縣,彰化縣員林市,至善街
彰化縣,彰化縣員林市,至善街
彰化縣,彰化縣員林市,至賢街
彰化縣,彰化縣員林市,至賢街
彰化縣,彰化縣員林市,興學一街
彰化縣,彰化縣員林市,興學一街
彰化縣,彰化縣員林市,興學街
彰化縣,彰化縣員林市,興學街
彰化縣,彰化縣員林市,興昌街
彰化縣,彰化縣員林市,興昌街
彰化縣,彰化縣員林市,興華街
彰化縣,彰化縣員林市,興華街
彰化縣,彰化縣員林市,莒光路
彰化縣,彰化縣員林市,莒光路
彰化縣,彰化縣員林市,萬年七街
彰化縣,彰化縣員林市,萬年七街
彰化縣,彰化縣員林市,萬年二街
彰化縣,彰化縣員林市,萬年二街
彰化縣,彰化縣員林市,萬年六街
彰化縣,彰化縣員林市,萬年六街
彰化縣,彰化縣員林市,萬年東街
彰化縣,彰化縣員林市,萬年東街
彰化縣,彰化縣員林市,萬德街
彰化縣,彰化縣員林市,萬德街
彰化縣,彰化縣員林市,萬興街
彰化縣,彰化縣員林市,萬興街
彰化縣,彰化縣員林市,豐年街
彰化縣,彰化縣員林市,豐年街
彰化縣,彰化縣員林市,長榮街
彰化縣,彰化縣員林市,長榮街
彰化縣,彰化縣員林市,雙景街
彰化縣,彰化縣員林市,雙景街
彰化縣,彰化縣員林市,靜修路
彰化縣,彰化縣員林市,靜修路
彰化縣,彰化縣員林市,香山三路
彰化縣,彰化縣員林市,香山三路
彰化縣,彰化縣員林市,香山五路
彰化縣,彰化縣員林市,香山五路
彰化縣,彰化縣員林市,香山西路
彰化縣,彰化縣員林市,香山西路
彰化縣,彰化縣員林市,龍富二街
彰化縣,彰化縣員林市,龍富二街
彰化縣,彰化縣溪湖鎮,一心街
彰化縣,彰化縣溪湖鎮,一心街
彰化縣,彰化縣溪湖鎮,中興三街
彰化縣,彰化縣溪湖鎮,中興三街
彰化縣,彰化縣溪湖鎮,中興八街
彰化縣,彰化縣溪湖鎮,中興八街
彰化縣,彰化縣溪湖鎮,中興路
彰化縣,彰化縣溪湖鎮,中興路
彰化縣,彰化縣溪湖鎮,久安七街
彰化縣,彰化縣溪湖鎮,久安七街
彰化縣,彰化縣溪湖鎮,久安二街
彰化縣,彰化縣溪湖鎮,久安二街
彰化縣,彰化縣溪湖鎮,久安六街
彰化縣,彰化縣溪湖鎮,久安六街
彰化縣,彰化縣溪湖鎮,仁愛街
彰化縣,彰化縣溪湖鎮,仁愛街
彰化縣,彰化縣溪湖鎮,信善街
彰化縣,彰化縣溪湖鎮,信善街
彰化縣,彰化縣溪湖鎮,光平街
彰化縣,彰化縣溪湖鎮,光平街
彰化縣,彰化縣溪湖鎮,光華街
彰化縣,彰化縣溪湖鎮,光華街
彰化縣,彰化縣溪湖鎮,北聖路
彰化縣,彰化縣溪湖鎮,北聖路
彰化縣,彰化縣溪湖鎮,向上二街
彰化縣,彰化縣溪湖鎮,向上二街
彰化縣,彰化縣溪湖鎮,和平街
彰化縣,彰化縣溪湖鎮,和平街
彰化縣,彰化縣溪湖鎮,地政路
彰化縣,彰化縣溪湖鎮,地政路
彰化縣,彰化縣溪湖鎮,培英三街
彰化縣,彰化縣溪湖鎮,培英三街
彰化縣,彰化縣溪湖鎮,培英五街
彰化縣,彰化縣溪湖鎮,培英五街
彰化縣,彰化縣溪湖鎮,培英路
彰化縣,彰化縣溪湖鎮,培英路
彰化縣,彰化縣溪湖鎮,大公三街
彰化縣,彰化縣溪湖鎮,大公三街
彰化縣,彰化縣溪湖鎮,大公五街
彰化縣,彰化縣溪湖鎮,大公五街
彰化縣,彰化縣溪湖鎮,大公六街
彰化縣,彰化縣溪湖鎮,大公六街
彰化縣,彰化縣溪湖鎮,大公十三街
彰化縣,彰化縣溪湖鎮,大公十三街
彰化縣,彰化縣溪湖鎮,大公十二街
彰化縣,彰化縣溪湖鎮,大公十二街
彰化縣,彰化縣溪湖鎮,大公十六街
彰化縣,彰化縣溪湖鎮,大公十六街
彰化縣,彰化縣溪湖鎮,大公十街
彰化縣,彰化縣溪湖鎮,大公十街
彰化縣,彰化縣溪湖鎮,大同一街
彰化縣,彰化縣溪湖鎮,大同一街
彰化縣,彰化縣溪湖鎮,大同五街
彰化縣,彰化縣溪湖鎮,大同五街
彰化縣,彰化縣溪湖鎮,大同十一街
彰化縣,彰化縣溪湖鎮,大同十一街
彰化縣,彰化縣溪湖鎮,大同十三街
彰化縣,彰化縣溪湖鎮,大同十三街
彰化縣,彰化縣溪湖鎮,大同十二街
彰化縣,彰化縣溪湖鎮,大同十二街
彰化縣,彰化縣溪湖鎮,大同十街
彰化縣,彰化縣溪湖鎮,大同十街
彰化縣,彰化縣溪湖鎮,大政一街
彰化縣,彰化縣溪湖鎮,大政一街
彰化縣,彰化縣溪湖鎮,大政三街
彰化縣,彰化縣溪湖鎮,大政三街
彰化縣,彰化縣溪湖鎮,大政街
彰化縣,彰化縣溪湖鎮,大政街
彰化縣,彰化縣溪湖鎮,大溪七街
彰化縣,彰化縣溪湖鎮,大溪七街
彰化縣,彰化縣溪湖鎮,大溪九街
彰化縣,彰化縣溪湖鎮,大溪九街
彰化縣,彰化縣溪湖鎮,大溪五街
彰化縣,彰化縣溪湖鎮,大溪五街
彰化縣,彰化縣溪湖鎮,大溪六街
彰化縣,彰化縣溪湖鎮,大溪六街
彰化縣,彰化縣溪湖鎮,大溪路
彰化縣,彰化縣溪湖鎮,大溪路
彰化縣,彰化縣溪湖鎮,大道街
彰化縣,彰化縣溪湖鎮,大道街
彰化縣,彰化縣溪湖鎮,太平街
彰化縣,彰化縣溪湖鎮,太平街
彰化縣,彰化縣溪湖鎮,富德街
彰化縣,彰化縣溪湖鎮,富德街
彰化縣,彰化縣溪湖鎮,富貴三街
彰化縣,彰化縣溪湖鎮,富貴三街
彰化縣,彰化縣溪湖鎮,富貴二街
彰化縣,彰化縣溪湖鎮,富貴二街
彰化縣,彰化縣溪湖鎮,富貴八街
彰化縣,彰化縣溪湖鎮,富貴八街
彰化縣,彰化縣溪湖鎮,富貴十一街
彰化縣,彰化縣溪湖鎮,富貴十一街
彰化縣,彰化縣溪湖鎮,富貴十五街
彰化縣,彰化縣溪湖鎮,富貴十五街
彰化縣,彰化縣溪湖鎮,富貴街
彰化縣,彰化縣溪湖鎮,富貴街
彰化縣,彰化縣溪湖鎮,尚德街
彰化縣,彰化縣溪湖鎮,尚德街
彰化縣,彰化縣溪湖鎮,崙子腳路
彰化縣,彰化縣溪湖鎮,崙子腳路
彰化縣,彰化縣溪湖鎮,平和街
彰化縣,彰化縣溪湖鎮,平和街
彰化縣,彰化縣溪湖鎮,建業街
彰化縣,彰化縣溪湖鎮,建業街
彰化縣,彰化縣溪湖鎮,弘農三街
彰化縣,彰化縣溪湖鎮,弘農三街
彰化縣,彰化縣溪湖鎮,弘農六街
彰化縣,彰化縣溪湖鎮,弘農六街
彰化縣,彰化縣溪湖鎮,弘農路
彰化縣,彰化縣溪湖鎮,弘農路
彰化縣,彰化縣溪湖鎮,德和街
彰化縣,彰化縣溪湖鎮,德和街
彰化縣,彰化縣溪湖鎮,德學街
彰化縣,彰化縣溪湖鎮,德學街
彰化縣,彰化縣溪湖鎮,忠孝街
彰化縣,彰化縣溪湖鎮,忠孝街
彰化縣,彰化縣溪湖鎮,忠溪路
彰化縣,彰化縣溪湖鎮,忠溪路
彰化縣,彰化縣溪湖鎮,成功路
彰化縣,彰化縣溪湖鎮,成功路
彰化縣,彰化縣溪湖鎮,文三街
彰化縣,彰化縣溪湖鎮,文三街
彰化縣,彰化縣溪湖鎮,文東街
彰化縣,彰化縣溪湖鎮,文東街
彰化縣,彰化縣溪湖鎮,東環路
彰化縣,彰化縣溪湖鎮,東環路
彰化縣,彰化縣溪湖鎮,東興九街
彰化縣,彰化縣溪湖鎮,東興九街
彰化縣,彰化縣溪湖鎮,東興六街
彰化縣,彰化縣溪湖鎮,東興六街
彰化縣,彰化縣溪湖鎮,東興十街
彰化縣,彰化縣溪湖鎮,東興十街
彰化縣,彰化縣溪湖鎮,東興路
彰化縣,彰化縣溪湖鎮,東興路
彰化縣,彰化縣溪湖鎮,民生街
彰化縣,彰化縣溪湖鎮,民生街
彰化縣,彰化縣溪湖鎮,水源北街
彰化縣,彰化縣溪湖鎮,水源北街
彰化縣,彰化縣溪湖鎮,永安一街
彰化縣,彰化縣溪湖鎮,永安一街
彰化縣,彰化縣溪湖鎮,河興路
彰化縣,彰化縣溪湖鎮,河興路
彰化縣,彰化縣溪湖鎮,海豐路
彰化縣,彰化縣溪湖鎮,海豐路
彰化縣,彰化縣溪湖鎮,湖南路
彰化縣,彰化縣溪湖鎮,湖南路
彰化縣,彰化縣溪湖鎮,湳底路
彰化縣,彰化縣溪湖鎮,湳底路
彰化縣,彰化縣溪湖鎮,環中街
彰化縣,彰化縣溪湖鎮,環中街
彰化縣,彰化縣溪湖鎮,田中央路
彰化縣,彰化縣溪湖鎮,田中央路
彰化縣,彰化縣溪湖鎮,田河路
彰化縣,彰化縣溪湖鎮,田河路
彰化縣,彰化縣溪湖鎮,祥和街
彰化縣,彰化縣溪湖鎮,祥和街
彰化縣,彰化縣溪湖鎮,福地一街
彰化縣,彰化縣溪湖鎮,福地一街
彰化縣,彰化縣溪湖鎮,福地街
彰化縣,彰化縣溪湖鎮,福地街
彰化縣,彰化縣溪湖鎮,福安路
彰化縣,彰化縣溪湖鎮,福安路
彰化縣,彰化縣溪湖鎮,福農路
彰化縣,彰化縣溪湖鎮,福農路
彰化縣,彰化縣溪湖鎮,立德街
彰化縣,彰化縣溪湖鎮,立德街
彰化縣,彰化縣溪湖鎮,立言街
彰化縣,彰化縣溪湖鎮,立言街
彰化縣,彰化縣溪湖鎮,竹福路
彰化縣,彰化縣溪湖鎮,竹福路
彰化縣,彰化縣溪湖鎮,糖北東街
彰化縣,彰化縣溪湖鎮,糖北東街
彰化縣,彰化縣溪湖鎮,糖南二街
彰化縣,彰化縣溪湖鎮,糖南二街
彰化縣,彰化縣溪湖鎮,美溪路
彰化縣,彰化縣溪湖鎮,美溪路
彰化縣,彰化縣溪湖鎮,興學二街
彰化縣,彰化縣溪湖鎮,興學二街
彰化縣,彰化縣溪湖鎮,興學街
彰化縣,彰化縣溪湖鎮,興學街
彰化縣,彰化縣溪湖鎮,興業路
彰化縣,彰化縣溪湖鎮,興業路
彰化縣,彰化縣溪湖鎮,英山街
彰化縣,彰化縣溪湖鎮,英山街
彰化縣,彰化縣溪湖鎮,華中一街
彰化縣,彰化縣溪湖鎮,華中一街
彰化縣,彰化縣溪湖鎮,華中八街
彰化縣,彰化縣溪湖鎮,華中八街
彰化縣,彰化縣溪湖鎮,華中北街
彰化縣,彰化縣溪湖鎮,華中北街
彰化縣,彰化縣溪湖鎮,華中街
彰化縣,彰化縣溪湖鎮,華中街
彰化縣,彰化縣溪湖鎮,華北三街
彰化縣,彰化縣溪湖鎮,華北三街
彰化縣,彰化縣溪湖鎮,華興街
彰化縣,彰化縣溪湖鎮,華興街
彰化縣,彰化縣溪湖鎮,西安路
彰化縣,彰化縣溪湖鎮,西安路
彰化縣,彰化縣溪湖鎮,車店路
彰化縣,彰化縣溪湖鎮,車店路
彰化縣,彰化縣溪湖鎮,金地路
彰化縣,彰化縣溪湖鎮,金地路
彰化縣,彰化縣溪湖鎮,金華三街
彰化縣,彰化縣溪湖鎮,金華三街
彰化縣,彰化縣溪湖鎮,金華街
彰化縣,彰化縣溪湖鎮,金華街
彰化縣,彰化縣溪湖鎮,鎮安路
彰化縣,彰化縣溪湖鎮,鎮安路
彰化縣,彰化縣溪湖鎮,長青街
彰化縣,彰化縣溪湖鎮,長青街
彰化縣,彰化縣溪湖鎮,青雅路
彰化縣,彰化縣溪湖鎮,青雅路
彰化縣,彰化縣溪湖鎮,頂新七街
彰化縣,彰化縣溪湖鎮,頂新七街
彰化縣,彰化縣溪湖鎮,頂新中街
彰化縣,彰化縣溪湖鎮,頂新中街
彰化縣,彰化縣溪湖鎮,頂新五街
彰化縣,彰化縣溪湖鎮,頂新五街
彰化縣,彰化縣溪湖鎮,頂新六街
彰化縣,彰化縣溪湖鎮,頂新六街
彰化縣,彰化縣溪湖鎮,頂新南街
彰化縣,彰化縣溪湖鎮,頂新南街
彰化縣,彰化縣溪湖鎮,顯光路
彰化縣,彰化縣溪湖鎮,顯光路
彰化縣,彰化縣田中鎮,七賢街
彰化縣,彰化縣田中鎮,七賢街
彰化縣,彰化縣田中鎮,三多街
彰化縣,彰化縣田中鎮,三多街
彰化縣,彰化縣田中鎮,中南二路
彰化縣,彰化縣田中鎮,中南二路
彰化縣,彰化縣田中鎮,中山街
彰化縣,彰化縣田中鎮,中山街
彰化縣,彰化縣田中鎮,中新一街
彰化縣,彰化縣田中鎮,中新一街
彰化縣,彰化縣田中鎮,中新路
彰化縣,彰化縣田中鎮,中新路
彰化縣,彰化縣田中鎮,中興南街
彰化縣,彰化縣田中鎮,中興南街
彰化縣,彰化縣田中鎮,中西路
彰化縣,彰化縣田中鎮,中西路
彰化縣,彰化縣田中鎮,九如街
彰化縣,彰化縣田中鎮,九如街
彰化縣,彰化縣田中鎮,五福街
彰化縣,彰化縣田中鎮,五福街
彰化縣,彰化縣田中鎮,公園街
彰化縣,彰化縣田中鎮,公園街
彰化縣,彰化縣田中鎮,六合街
彰化縣,彰化縣田中鎮,六合街
彰化縣,彰化縣田中鎮,南北街
彰化縣,彰化縣田中鎮,南北街
彰化縣,彰化縣田中鎮,和平路
彰化縣,彰化縣田中鎮,和平路
彰化縣,彰化縣田中鎮,四維街
彰化縣,彰化縣田中鎮,四維街
彰化縣,彰化縣田中鎮,大安路
彰化縣,彰化縣田中鎮,大安路
彰化縣,彰化縣田中鎮,大社南路
彰化縣,彰化縣田中鎮,大社南路
彰化縣,彰化縣田中鎮,大福街
彰化縣,彰化縣田中鎮,大福街
彰化縣,彰化縣田中鎮,富樂街
彰化縣,彰化縣田中鎮,富樂街
彰化縣,彰化縣田中鎮,小新路
彰化縣,彰化縣田中鎮,小新路
彰化縣,彰化縣田中鎮,山脚路
彰化縣,彰化縣田中鎮,山脚路
彰化縣,彰化縣田中鎮,廣義路
彰化縣,彰化縣田中鎮,廣義路
彰化縣,彰化縣田中鎮,復興路
彰化縣,彰化縣田中鎮,復興路
彰化縣,彰化縣田中鎮,拓農路
彰化縣,彰化縣田中鎮,拓農路
彰化縣,彰化縣田中鎮,文中二街
彰化縣,彰化縣田中鎮,文中二街
彰化縣,彰化縣田中鎮,文化街
彰化縣,彰化縣田中鎮,文化街
彰化縣,彰化縣田中鎮,斗中路
彰化縣,彰化縣田中鎮,斗中路
彰化縣,彰化縣田中鎮,新工一路
彰化縣,彰化縣田中鎮,新工一路
彰化縣,彰化縣田中鎮,新工二路
彰化縣,彰化縣田中鎮,新工二路
彰化縣,彰化縣田中鎮,新工六路
彰化縣,彰化縣田中鎮,新工六路
彰化縣,彰化縣田中鎮,新庄街
彰化縣,彰化縣田中鎮,新庄街
彰化縣,彰化縣田中鎮,新福路
彰化縣,彰化縣田中鎮,新福路
彰化縣,彰化縣田中鎮,明慶街
彰化縣,彰化縣田中鎮,明慶街
彰化縣,彰化縣田中鎮,東路街
彰化縣,彰化縣田中鎮,東路街
彰化縣,彰化縣田中鎮,民享街
彰化縣,彰化縣田中鎮,民享街
彰化縣,彰化縣田中鎮,民光路
彰化縣,彰化縣田中鎮,民光路
彰化縣,彰化縣田中鎮,民富街
彰化縣,彰化縣田中鎮,民富街
彰化縣,彰化縣田中鎮,民族三街
彰化縣,彰化縣田中鎮,民族三街
彰化縣,彰化縣田中鎮,民族五街
彰化縣,彰化縣田中鎮,民族五街
彰化縣,彰化縣田中鎮,民族四街
彰化縣,彰化縣田中鎮,民族四街
彰化縣,彰化縣田中鎮,民樂街
彰化縣,彰化縣田中鎮,民樂街
彰化縣,彰化縣田中鎮,民生路
彰化縣,彰化縣田中鎮,民生路
彰化縣,彰化縣田中鎮,沙崙路
彰化縣,彰化縣田中鎮,沙崙路
彰化縣,彰化縣田中鎮,社斗路
彰化縣,彰化縣田中鎮,社斗路
彰化縣,彰化縣田中鎮,福安路
彰化縣,彰化縣田中鎮,福安路
彰化縣,彰化縣田中鎮,站區路
彰化縣,彰化縣田中鎮,站區路
彰化縣,彰化縣田中鎮,興工路
彰化縣,彰化縣田中鎮,興工路
彰化縣,彰化縣田中鎮,興酪路
彰化縣,彰化縣田中鎮,興酪路
彰化縣,彰化縣田中鎮,酪農路
彰化縣,彰化縣田中鎮,酪農路
彰化縣,彰化縣田中鎮,鎮政三街
彰化縣,彰化縣田中鎮,鎮政三街
彰化縣,彰化縣田中鎮,鎮政五街
彰化縣,彰化縣田中鎮,鎮政五街
彰化縣,彰化縣田中鎮,鎮政街
彰化縣,彰化縣田中鎮,鎮政街
彰化縣,彰化縣田中鎮,高鐵一路
彰化縣,彰化縣田中鎮,高鐵一路
彰化縣,彰化縣田中鎮,高鐵東一路
彰化縣,彰化縣田中鎮,高鐵東一路
彰化縣,彰化縣大村鄉,中正東路
彰化縣,彰化縣大村鄉,中正東路
彰化縣,彰化縣大村鄉,中興街
彰化縣,彰化縣大村鄉,中興街
彰化縣,彰化縣大村鄉,員大路
彰化縣,彰化縣大村鄉,員大路
彰化縣,彰化縣大村鄉,大仁路
彰化縣,彰化縣大村鄉,大仁路
彰化縣,彰化縣大村鄉,大智七街
彰化縣,彰化縣大村鄉,大智七街
彰化縣,彰化縣大村鄉,大智二街
彰化縣,彰化縣大村鄉,大智二街
彰化縣,彰化縣大村鄉,大溪路
彰化縣,彰化縣大村鄉,大溪路
彰化縣,彰化縣大村鄉,學士街
彰化縣,彰化縣大村鄉,學士街
彰化縣,彰化縣大村鄉,山脚路
彰化縣,彰化縣大村鄉,山脚路
彰化縣,彰化縣大村鄉,忠孝街
彰化縣,彰化縣大村鄉,忠孝街
彰化縣,彰化縣大村鄉,旗興路
彰化縣,彰化縣大村鄉,旗興路
彰化縣,彰化縣大村鄉,松槐路
彰化縣,彰化縣大村鄉,松槐路
彰化縣,彰化縣大村鄉,聖瑤東路
彰化縣,彰化縣大村鄉,聖瑤東路
彰化縣,彰化縣大村鄉,自強路
彰化縣,彰化縣大村鄉,自強路
彰化縣,彰化縣大村鄉,菜寮路
彰化縣,彰化縣大村鄉,菜寮路
彰化縣,彰化縣埔鹽鄉,中正一路
彰化縣,彰化縣埔鹽鄉,中正一路
彰化縣,彰化縣埔鹽鄉,中正二路
彰化縣,彰化縣埔鹽鄉,中正二路
彰化縣,彰化縣埔鹽鄉,中興路
彰化縣,彰化縣埔鹽鄉,中興路
彰化縣,彰化縣埔鹽鄉,仁興路
彰化縣,彰化縣埔鹽鄉,仁興路
彰化縣,彰化縣埔鹽鄉,員鹿路
彰化縣,彰化縣埔鹽鄉,員鹿路
彰化縣,彰化縣埔鹽鄉,埔中路
彰化縣,彰化縣埔鹽鄉,埔中路
彰化縣,彰化縣埔鹽鄉,埔港路
彰化縣,彰化縣埔鹽鄉,埔港路
彰化縣,彰化縣埔鹽鄉,大園路
彰化縣,彰化縣埔鹽鄉,大園路
彰化縣,彰化縣埔鹽鄉,大忠二路
彰化縣,彰化縣埔鹽鄉,大忠二路
彰化縣,彰化縣埔鹽鄉,天德一路
彰化縣,彰化縣埔鹽鄉,天德一路
彰化縣,彰化縣埔鹽鄉,天德二路
彰化縣,彰化縣埔鹽鄉,天德二路
彰化縣,彰化縣埔鹽鄉,天德路
彰化縣,彰化縣埔鹽鄉,天德路
彰化縣,彰化縣埔鹽鄉,天盛二路
彰化縣,彰化縣埔鹽鄉,天盛二路
彰化縣,彰化縣埔鹽鄉,好金路
彰化縣,彰化縣埔鹽鄉,好金路
彰化縣,彰化縣埔鹽鄉,彰水路
彰化縣,彰化縣埔鹽鄉,彰水路
彰化縣,彰化縣埔鹽鄉,成功南路
彰化縣,彰化縣埔鹽鄉,成功南路
彰化縣,彰化縣埔鹽鄉,新生路
彰化縣,彰化縣埔鹽鄉,新生路
彰化縣,彰化縣埔鹽鄉,永新路
彰化縣,彰化縣埔鹽鄉,永新路
彰化縣,彰化縣埔鹽鄉,永興路
彰化縣,彰化縣埔鹽鄉,永興路
彰化縣,彰化縣埔鹽鄉,興龍路
彰化縣,彰化縣埔鹽鄉,興龍路
彰化縣,彰化縣埔心鄉,中山路
彰化縣,彰化縣埔心鄉,中山路
彰化縣,彰化縣埔心鄉,中興路
彰化縣,彰化縣埔心鄉,中興路
彰化縣,彰化縣埔心鄉,二抱路
彰化縣,彰化縣埔心鄉,二抱路
彰化縣,彰化縣埔心鄉,五福路
彰化縣,彰化縣埔心鄉,五福路
彰化縣,彰化縣埔心鄉,五賢路
彰化縣,彰化縣埔心鄉,五賢路
彰化縣,彰化縣埔心鄉,五通南路
彰化縣,彰化縣埔心鄉,五通南路
彰化縣,彰化縣埔心鄉,仁一路
彰化縣,彰化縣埔心鄉,仁一路
彰化縣,彰化縣埔心鄉,仁二路
彰化縣,彰化縣埔心鄉,仁二路
彰化縣,彰化縣埔心鄉,仁北路
彰化縣,彰化縣埔心鄉,仁北路
彰化縣,彰化縣埔心鄉,仁安路
彰化縣,彰化縣埔心鄉,仁安路
彰化縣,彰化縣埔心鄉,仁聖路
彰化縣,彰化縣埔心鄉,仁聖路
彰化縣,彰化縣埔心鄉,信義路
彰化縣,彰化縣埔心鄉,信義路
彰化縣,彰化縣埔心鄉,南安路
彰化縣,彰化縣埔心鄉,南安路
彰化縣,彰化縣埔心鄉,南昌南路
彰化縣,彰化縣埔心鄉,南昌南路
彰化縣,彰化縣埔心鄉,南昌西路
彰化縣,彰化縣埔心鄉,南昌西路
彰化縣,彰化縣埔心鄉,員埔路
彰化縣,彰化縣埔心鄉,員埔路
彰化縣,彰化縣埔心鄉,員鹿路
彰化縣,彰化縣埔心鄉,員鹿路
彰化縣,彰化縣埔心鄉,國義路
彰化縣,彰化縣埔心鄉,國義路
彰化縣,彰化縣埔心鄉,大仁街
彰化縣,彰化縣埔心鄉,大仁街
彰化縣,彰化縣埔心鄉,大勇街
彰化縣,彰化縣埔心鄉,大勇街
彰化縣,彰化縣埔心鄉,大德街
彰化縣,彰化縣埔心鄉,大德街
彰化縣,彰化縣埔心鄉,大新路
彰化縣,彰化縣埔心鄉,大新路
彰化縣,彰化縣埔心鄉,大智街
彰化縣,彰化縣埔心鄉,大智街
彰化縣,彰化縣埔心鄉,大溪路
彰化縣,彰化縣埔心鄉,大溪路
彰化縣,彰化縣埔心鄉,大翔街
彰化縣,彰化縣埔心鄉,大翔街
彰化縣,彰化縣埔心鄉,大華路
彰化縣,彰化縣埔心鄉,大華路
彰化縣,彰化縣埔心鄉,奉化路
彰化縣,彰化縣埔心鄉,奉化路
彰化縣,彰化縣埔心鄉,平和路
彰化縣,彰化縣埔心鄉,平和路
彰化縣,彰化縣埔心鄉,忠孝路
彰化縣,彰化縣埔心鄉,忠孝路
彰化縣,彰化縣埔心鄉,忠義南路
彰化縣,彰化縣埔心鄉,忠義南路
彰化縣,彰化縣埔心鄉,文化路
彰化縣,彰化縣埔心鄉,文化路
彰化縣,彰化縣埔心鄉,文昌西路
彰化縣,彰化縣埔心鄉,文昌西路
彰化縣,彰化縣埔心鄉,新生路
彰化縣,彰化縣埔心鄉,新生路
彰化縣,彰化縣埔心鄉,新舘路
彰化縣,彰化縣埔心鄉,新舘路
彰化縣,彰化縣埔心鄉,明泉街
彰化縣,彰化縣埔心鄉,明泉街
彰化縣,彰化縣埔心鄉,明道路
彰化縣,彰化縣埔心鄉,明道路
彰化縣,彰化縣埔心鄉,東寧路
彰化縣,彰化縣埔心鄉,東寧路
彰化縣,彰化縣埔心鄉,東明路
彰化縣,彰化縣埔心鄉,東明路
彰化縣,彰化縣埔心鄉,柳橋西路
彰化縣,彰化縣埔心鄉,柳橋西路
彰化縣,彰化縣埔心鄉,正大路
彰化縣,彰化縣埔心鄉,正大路
彰化縣,彰化縣埔心鄉,正義路
彰化縣,彰化縣埔心鄉,正義路
彰化縣,彰化縣埔心鄉,武昌路
彰化縣,彰化縣埔心鄉,武昌路
彰化縣,彰化縣埔心鄉,武興路
彰化縣,彰化縣埔心鄉,武興路
彰化縣,彰化縣埔心鄉,武英南路
彰化縣,彰化縣埔心鄉,武英南路
彰化縣,彰化縣埔心鄉,武訓路
彰化縣,彰化縣埔心鄉,武訓路
彰化縣,彰化縣埔心鄉,源泉路
彰化縣,彰化縣埔心鄉,源泉路
彰化縣,彰化縣埔心鄉,瑤鳳路
彰化縣,彰化縣埔心鄉,瑤鳳路
彰化縣,彰化縣埔心鄉,瓦中街
彰化縣,彰化縣埔心鄉,瓦中街
彰化縣,彰化縣埔心鄉,瓦南街
彰化縣,彰化縣埔心鄉,瓦南街
彰化縣,彰化縣埔心鄉,經口路
彰化縣,彰化縣埔心鄉,經口路
彰化縣,彰化縣埔心鄉,羅永路
彰化縣,彰化縣埔心鄉,羅永路
彰化縣,彰化縣埔心鄉,育英路
彰化縣,彰化縣埔心鄉,育英路
彰化縣,彰化縣埔心鄉,興霖路
彰化縣,彰化縣埔心鄉,興霖路
彰化縣,彰化縣埔心鄉,裕農路
彰化縣,彰化縣埔心鄉,裕農路
彰化縣,彰化縣埔心鄉,西安南路
彰化縣,彰化縣埔心鄉,西安南路
彰化縣,彰化縣埔心鄉,鎮福街
彰化縣,彰化縣埔心鄉,鎮福街
彰化縣,彰化縣永靖鄉,中山路
彰化縣,彰化縣永靖鄉,中山路
彰化縣,彰化縣永靖鄉,九分路
彰化縣,彰化縣永靖鄉,九分路
彰化縣,彰化縣永靖鄉,內厝路
彰化縣,彰化縣永靖鄉,內厝路
彰化縣,彰化縣永靖鄉,古榕路
彰化縣,彰化縣永靖鄉,古榕路
彰化縣,彰化縣永靖鄉,四福路
彰化縣,彰化縣永靖鄉,四福路
彰化縣,彰化縣永靖鄉,多福路
彰化縣,彰化縣永靖鄉,多福路
彰化縣,彰化縣永靖鄉,大發路
彰化縣,彰化縣永靖鄉,大發路
彰化縣,彰化縣永靖鄉,平和路
彰化縣,彰化縣永靖鄉,平和路
彰化縣,彰化縣永靖鄉,忠心二路
彰化縣,彰化縣永靖鄉,忠心二路
彰化縣,彰化縣永靖鄉,文建街
彰化縣,彰化縣永靖鄉,文建街
彰化縣,彰化縣永靖鄉,新館路
彰化縣,彰化縣永靖鄉,新館路
彰化縣,彰化縣永靖鄉,朝奉路
彰化縣,彰化縣永靖鄉,朝奉路
彰化縣,彰化縣永靖鄉,東社路
彰化縣,彰化縣永靖鄉,東社路
彰化縣,彰化縣永靖鄉,東門路
彰化縣,彰化縣永靖鄉,東門路
彰化縣,彰化縣永靖鄉,民權路
彰化縣,彰化縣永靖鄉,民權路
彰化縣,彰化縣永靖鄉,水尾路
彰化縣,彰化縣永靖鄉,水尾路
彰化縣,彰化縣永靖鄉,永坡路
彰化縣,彰化縣永靖鄉,永坡路
彰化縣,彰化縣永靖鄉,永安街
彰化縣,彰化縣永靖鄉,永安街
彰化縣,彰化縣永靖鄉,永崙路
彰化縣,彰化縣永靖鄉,永崙路
彰化縣,彰化縣永靖鄉,永泰街
彰化縣,彰化縣永靖鄉,永泰街
彰化縣,彰化縣永靖鄉,永福路
彰化縣,彰化縣永靖鄉,永福路
彰化縣,彰化縣永靖鄉,永裕路
彰化縣,彰化縣永靖鄉,永裕路
彰化縣,彰化縣永靖鄉,永豐路
彰化縣,彰化縣永靖鄉,永豐路
彰化縣,彰化縣永靖鄉,海豐路
彰化縣,彰化縣永靖鄉,海豐路
彰化縣,彰化縣永靖鄉,獨鰲路
彰化縣,彰化縣永靖鄉,獨鰲路
彰化縣,彰化縣永靖鄉,瑚璉路
彰化縣,彰化縣永靖鄉,瑚璉路
彰化縣,彰化縣永靖鄉,竹溪路
彰化縣,彰化縣永靖鄉,竹溪路
彰化縣,彰化縣永靖鄉,自強路
彰化縣,彰化縣永靖鄉,自強路
彰化縣,彰化縣永靖鄉,興農路
彰化縣,彰化縣永靖鄉,興農路
彰化縣,彰化縣永靖鄉,西興路
彰化縣,彰化縣永靖鄉,西興路
彰化縣,彰化縣永靖鄉,錫壽路
彰化縣,彰化縣永靖鄉,錫壽路
彰化縣,彰化縣永靖鄉,鳳美路
彰化縣,彰化縣永靖鄉,鳳美路
彰化縣,彰化縣社頭鄉,中山路
彰化縣,彰化縣社頭鄉,中山路
彰化縣,彰化縣社頭鄉,仁愛一路
彰化縣,彰化縣社頭鄉,仁愛一路
彰化縣,彰化縣社頭鄉,仁愛二路
彰化縣,彰化縣社頭鄉,仁愛二路
彰化縣,彰化縣社頭鄉,和平一路
彰化縣,彰化縣社頭鄉,和平一路
彰化縣,彰化縣社頭鄉,和平二路
彰化縣,彰化縣社頭鄉,和平二路
彰化縣,彰化縣社頭鄉,員集路
彰化縣,彰化縣社頭鄉,員集路
彰化縣,彰化縣社頭鄉,媽祖廟街
彰化縣,彰化縣社頭鄉,媽祖廟街
彰化縣,彰化縣社頭鄉,山脚路
彰化縣,彰化縣社頭鄉,山脚路
彰化縣,彰化縣社頭鄉,崙饒路
彰化縣,彰化縣社頭鄉,崙饒路
彰化縣,彰化縣社頭鄉,建國路
彰化縣,彰化縣社頭鄉,建國路
彰化縣,彰化縣社頭鄉,復興路
彰化縣,彰化縣社頭鄉,復興路
彰化縣,彰化縣社頭鄉,忠孝一路
彰化縣,彰化縣社頭鄉,忠孝一路
彰化縣,彰化縣社頭鄉,忠孝二路
彰化縣,彰化縣社頭鄉,忠孝二路
彰化縣,彰化縣社頭鄉,忠義路
彰化縣,彰化縣社頭鄉,忠義路
彰化縣,彰化縣社頭鄉,松雅路
彰化縣,彰化縣社頭鄉,松雅路
彰化縣,彰化縣社頭鄉,民生路
彰化縣,彰化縣社頭鄉,民生路
彰化縣,彰化縣社頭鄉,水源路
彰化縣,彰化縣社頭鄉,水源路
彰化縣,彰化縣社頭鄉,清水岩路
彰化縣,彰化縣社頭鄉,清水岩路
彰化縣,彰化縣社頭鄉,湳底北路
彰化縣,彰化縣社頭鄉,湳底北路
彰化縣,彰化縣社頭鄉,湳底南二路
彰化縣,彰化縣社頭鄉,湳底南二路
彰化縣,彰化縣社頭鄉,湳底西路
彰化縣,彰化縣社頭鄉,湳底西路
彰化縣,彰化縣社頭鄉,湳雅路
彰化縣,彰化縣社頭鄉,湳雅路
彰化縣,彰化縣社頭鄉,社斗路
彰化縣,彰化縣社頭鄉,社斗路
彰化縣,彰化縣社頭鄉,織襪一路
彰化縣,彰化縣社頭鄉,織襪一路
彰化縣,彰化縣社頭鄉,織襪二路
彰化縣,彰化縣社頭鄉,織襪二路
彰化縣,彰化縣社頭鄉,高鐵北一路
彰化縣,彰化縣社頭鄉,高鐵北一路
彰化縣,彰化縣社頭鄉,高鐵東一路
彰化縣,彰化縣社頭鄉,高鐵東一路
彰化縣,彰化縣二水鄉,修仁路
彰化縣,彰化縣二水鄉,修仁路
彰化縣,彰化縣二水鄉,光文路
彰化縣,彰化縣二水鄉,光文路
彰化縣,彰化縣二水鄉,十五路
彰化縣,彰化縣二水鄉,十五路
彰化縣,彰化縣二水鄉,員集路
彰化縣,彰化縣二水鄉,員集路
彰化縣,彰化縣二水鄉,坑底路
彰化縣,彰化縣二水鄉,坑底路
彰化縣,彰化縣二水鄉,山腳路
彰化縣,彰化縣二水鄉,山腳路
彰化縣,彰化縣二水鄉,文明路
彰化縣,彰化縣二水鄉,文明路
彰化縣,彰化縣二水鄉,民生路
彰化縣,彰化縣二水鄉,民生路
彰化縣,彰化縣二水鄉,海豊路
彰化縣,彰化縣二水鄉,海豊路
彰化縣,彰化縣二水鄉,過圳路
彰化縣,彰化縣二水鄉,過圳路
彰化縣,彰化縣北斗鎮,三合路
彰化縣,彰化縣北斗鎮,三合路
彰化縣,彰化縣北斗鎮,三民街
彰化縣,彰化縣北斗鎮,三民街
彰化縣,彰化縣北斗鎮,中和路
彰化縣,彰化縣北斗鎮,中和路
彰化縣,彰化縣北斗鎮,中央路
彰化縣,彰化縣北斗鎮,中央路
彰化縣,彰化縣北斗鎮,中寮三路
彰化縣,彰化縣北斗鎮,中寮三路
彰化縣,彰化縣北斗鎮,中寮路
彰化縣,彰化縣北斗鎮,中寮路
彰化縣,彰化縣北斗鎮,中州路
彰化縣,彰化縣北斗鎮,中州路
彰化縣,彰化縣北斗鎮,中正路
彰化縣,彰化縣北斗鎮,中正路
彰化縣,彰化縣北斗鎮,中華路
彰化縣,彰化縣北斗鎮,中華路
彰化縣,彰化縣北斗鎮,五權路
彰化縣,彰化縣北斗鎮,五權路
彰化縣,彰化縣北斗鎮,光中路
彰化縣,彰化縣北斗鎮,光中路
彰化縣,彰化縣北斗鎮,光前路
彰化縣,彰化縣北斗鎮,光前路
彰化縣,彰化縣北斗鎮,光華街
彰化縣,彰化縣北斗鎮,光華街
彰化縣,彰化縣北斗鎮,公所街
彰化縣,彰化縣北斗鎮,公所街
彰化縣,彰化縣北斗鎮,四海路
彰化縣,彰化縣北斗鎮,四海路
彰化縣,彰化縣北斗鎮,地政一街
彰化縣,彰化縣北斗鎮,地政一街
彰化縣,彰化縣北斗鎮,地政二街
彰化縣,彰化縣北斗鎮,地政二街
彰化縣,彰化縣北斗鎮,地政路
彰化縣,彰化縣北斗鎮,地政路
彰化縣,彰化縣北斗鎮,大新路
彰化縣,彰化縣北斗鎮,大新路
彰化縣,彰化縣北斗鎮,學府路
彰化縣,彰化縣北斗鎮,學府路
彰化縣,彰化縣北斗鎮,宮後街
彰化縣,彰化縣北斗鎮,宮後街
彰化縣,彰化縣北斗鎮,文苑路
彰化縣,彰化縣北斗鎮,文苑路
彰化縣,彰化縣北斗鎮,斗中路
彰化縣,彰化縣北斗鎮,斗中路
彰化縣,彰化縣北斗鎮,斗苑路
彰化縣,彰化縣北斗鎮,斗苑路
彰化縣,彰化縣北斗鎮,新工三路
彰化縣,彰化縣北斗鎮,新工三路
彰化縣,彰化縣北斗鎮,新工路
彰化縣,彰化縣北斗鎮,新工路
彰化縣,彰化縣北斗鎮,東斗路
彰化縣,彰化縣北斗鎮,東斗路
彰化縣,彰化縣北斗鎮,東陽街
彰化縣,彰化縣北斗鎮,東陽街
彰化縣,彰化縣北斗鎮,民權路
彰化縣,彰化縣北斗鎮,民權路
彰化縣,彰化縣北斗鎮,河濱街
彰化縣,彰化縣北斗鎮,河濱街
彰化縣,彰化縣北斗鎮,興農路
彰化縣,彰化縣北斗鎮,興農路
彰化縣,彰化縣北斗鎮,舜耕路
彰化縣,彰化縣北斗鎮,舜耕路
彰化縣,彰化縣北斗鎮,螺陽路
彰化縣,彰化縣北斗鎮,螺陽路
彰化縣,彰化縣北斗鎮,西德街
彰化縣,彰化縣北斗鎮,西德街
彰化縣,彰化縣北斗鎮,陶朱路
彰化縣,彰化縣北斗鎮,陶朱路
彰化縣,彰化縣二林鎮,三和街
彰化縣,彰化縣二林鎮,三和街
彰化縣,彰化縣二林鎮,三民路
彰化縣,彰化縣二林鎮,三民路
彰化縣,彰化縣二林鎮,中一路
彰化縣,彰化縣二林鎮,中一路
彰化縣,彰化縣二林鎮,中二路
彰化縣,彰化縣二林鎮,中二路
彰化縣,彰化縣二林鎮,中六路
彰化縣,彰化縣二林鎮,中六路
彰化縣,彰化縣二林鎮,中央北街
彰化縣,彰化縣二林鎮,中央北街
彰化縣,彰化縣二林鎮,中央路
彰化縣,彰化縣二林鎮,中央路
彰化縣,彰化縣二林鎮,中農路
彰化縣,彰化縣二林鎮,中農路
彰化縣,彰化縣二林鎮,二溪路
彰化縣,彰化縣二林鎮,二溪路
彰化縣,彰化縣二林鎮,五權街
彰化縣,彰化縣二林鎮,五權街
彰化縣,彰化縣二林鎮,信富街
彰化縣,彰化縣二林鎮,信富街
彰化縣,彰化縣二林鎮,修心路
彰化縣,彰化縣二林鎮,修心路
彰化縣,彰化縣二林鎮,光復路
彰化縣,彰化縣二林鎮,光復路
彰化縣,彰化縣二林鎮,八德路
彰化縣,彰化縣二林鎮,八德路
彰化縣,彰化縣二林鎮,再發路
彰化縣,彰化縣二林鎮,再發路
彰化縣,彰化縣二林鎮,功湖北路
彰化縣,彰化縣二林鎮,功湖北路
彰化縣,彰化縣二林鎮,北宜街
彰化縣,彰化縣二林鎮,北宜街
彰化縣,彰化縣二林鎮,北美街
彰化縣,彰化縣二林鎮,北美街
彰化縣,彰化縣二林鎮,原竹路
彰化縣,彰化縣二林鎮,原竹路
彰化縣,彰化縣二林鎮,吉昌二街
彰化縣,彰化縣二林鎮,吉昌二街
彰化縣,彰化縣二林鎮,同德街
彰化縣,彰化縣二林鎮,同德街
彰化縣,彰化縣二林鎮,四維街
彰化縣,彰化縣二林鎮,四維街
彰化縣,彰化縣二林鎮,培德街
彰化縣,彰化縣二林鎮,培德街
彰化縣,彰化縣二林鎮,大勇街
彰化縣,彰化縣二林鎮,大勇街
彰化縣,彰化縣二林鎮,大成路
彰化縣,彰化縣二林鎮,大成路
彰化縣,彰化縣二林鎮,大永路
彰化縣,彰化縣二林鎮,大永路
彰化縣,彰化縣二林鎮,學士路
彰化縣,彰化縣二林鎮,學士路
彰化縣,彰化縣二林鎮,安樂街
彰化縣,彰化縣二林鎮,安樂街
彰化縣,彰化縣二林鎮,小路
彰化縣,彰化縣二林鎮,小路
彰化縣,彰化縣二林鎮,尚義街
彰化縣,彰化縣二林鎮,尚義街
彰化縣,彰化縣二林鎮,平和街
彰化縣,彰化縣二林鎮,平和街
彰化縣,彰化縣二林鎮,建興街
彰化縣,彰化縣二林鎮,建興街
彰化縣,彰化縣二林鎮,懷仁街
彰化縣,彰化縣二林鎮,懷仁街
彰化縣,彰化縣二林鎮,挖子路
彰化縣,彰化縣二林鎮,挖子路
彰化縣,彰化縣二林鎮,撫順街
彰化縣,彰化縣二林鎮,撫順街
彰化縣,彰化縣二林鎮,文化街
彰化縣,彰化縣二林鎮,文化街
彰化縣,彰化縣二林鎮,文明路
彰化縣,彰化縣二林鎮,文明路
彰化縣,彰化縣二林鎮,文華二街
彰化縣,彰化縣二林鎮,文華二街
彰化縣,彰化縣二林鎮,新城街
彰化縣,彰化縣二林鎮,新城街
彰化縣,彰化縣二林鎮,新生路
彰化縣,彰化縣二林鎮,新生路
彰化縣,彰化縣二林鎮,明德街
彰化縣,彰化縣二林鎮,明德街
彰化縣,彰化縣二林鎮,東路
彰化縣,彰化縣二林鎮,東路
彰化縣,彰化縣二林鎮,樂群街
彰化縣,彰化縣二林鎮,樂群街
彰化縣,彰化縣二林鎮,正和街
彰化縣,彰化縣二林鎮,正和街
彰化縣,彰化縣二林鎮,正心路
彰化縣,彰化縣二林鎮,正心路
彰化縣,彰化縣二林鎮,正業街
彰化縣,彰化縣二林鎮,正業街
彰化縣,彰化縣二林鎮,正知三街
彰化縣,彰化縣二林鎮,正知三街
彰化縣,彰化縣二林鎮,正行路
彰化縣,彰化縣二林鎮,正行路
彰化縣,彰化縣二林鎮,民安街
彰化縣,彰化縣二林鎮,民安街
彰化縣,彰化縣二林鎮,民治街
彰化縣,彰化縣二林鎮,民治街
彰化縣,彰化縣二林鎮,永和街
彰化縣,彰化縣二林鎮,永和街
彰化縣,彰化縣二林鎮,永定街
彰化縣,彰化縣二林鎮,永定街
彰化縣,彰化縣二林鎮,永樂街
彰化縣,彰化縣二林鎮,永樂街
彰化縣,彰化縣二林鎮,永豐三街
彰化縣,彰化縣二林鎮,永豐三街
彰化縣,彰化縣二林鎮,永豐四街
彰化縣,彰化縣二林鎮,永豐四街
彰化縣,彰化縣二林鎮,照西南路
彰化縣,彰化縣二林鎮,照西南路
彰化縣,彰化縣二林鎮,福德街
彰化縣,彰化縣二林鎮,福德街
彰化縣,彰化縣二林鎮,科技路
彰化縣,彰化縣二林鎮,科技路
彰化縣,彰化縣二林鎮,竹林路
彰化縣,彰化縣二林鎮,竹林路
彰化縣,彰化縣二林鎮,自強街
彰化縣,彰化縣二林鎮,自強街
彰化縣,彰化縣二林鎮,至善街
彰化縣,彰化縣二林鎮,至善街
彰化縣,彰化縣二林鎮,興南路
彰化縣,彰化縣二林鎮,興南路
彰化縣,彰化縣二林鎮,英才路
彰化縣,彰化縣二林鎮,英才路
彰化縣,彰化縣二林鎮,萬原路
彰化縣,彰化縣二林鎮,萬原路
彰化縣,彰化縣二林鎮,西和一街
彰化縣,彰化縣二林鎮,西和一街
彰化縣,彰化縣二林鎮,西和二街
彰化縣,彰化縣二林鎮,西和二街
彰化縣,彰化縣二林鎮,長安路
彰化縣,彰化縣二林鎮,長安路
彰化縣,彰化縣二林鎮,長青路
彰化縣,彰化縣二林鎮,長青路
彰化縣,彰化縣田尾鄉,三豐路
彰化縣,彰化縣田尾鄉,三豐路
彰化縣,彰化縣田尾鄉,中山路
彰化縣,彰化縣田尾鄉,中山路
彰化縣,彰化縣田尾鄉,中興路
彰化縣,彰化縣田尾鄉,中興路
彰化縣,彰化縣田尾鄉,光復路
彰化縣,彰化縣田尾鄉,光復路
彰化縣,彰化縣田尾鄉,公園五街
彰化縣,彰化縣田尾鄉,公園五街
彰化縣,彰化縣田尾鄉,公園路
彰化縣,彰化縣田尾鄉,公園路
彰化縣,彰化縣田尾鄉,吉安路
彰化縣,彰化縣田尾鄉,吉安路
彰化縣,彰化縣田尾鄉,埔頭路
彰化縣,彰化縣田尾鄉,埔頭路
彰化縣,彰化縣田尾鄉,平和路
彰化縣,彰化縣田尾鄉,平和路
彰化縣,彰化縣田尾鄉,建平路
彰化縣,彰化縣田尾鄉,建平路
彰化縣,彰化縣田尾鄉,振華路
彰化縣,彰化縣田尾鄉,振華路
彰化縣,彰化縣田尾鄉,新仁路
彰化縣,彰化縣田尾鄉,新仁路
彰化縣,彰化縣田尾鄉,新生路
彰化縣,彰化縣田尾鄉,新生路
彰化縣,彰化縣田尾鄉,柳鳳路
彰化縣,彰化縣田尾鄉,柳鳳路
彰化縣,彰化縣田尾鄉,民權路
彰化縣,彰化縣田尾鄉,民權路
彰化縣,彰化縣田尾鄉,民生路
彰化縣,彰化縣田尾鄉,民生路
彰化縣,彰化縣田尾鄉,溪頂路
彰化縣,彰化縣田尾鄉,溪頂路
彰化縣,彰化縣田尾鄉,田溪路
彰化縣,彰化縣田尾鄉,田溪路
彰化縣,彰化縣田尾鄉,田義路
彰化縣,彰化縣田尾鄉,田義路
彰化縣,彰化縣田尾鄉,睦宜路
彰化縣,彰化縣田尾鄉,睦宜路
彰化縣,彰化縣田尾鄉,裕民路
彰化縣,彰化縣田尾鄉,裕民路
彰化縣,彰化縣田尾鄉,豐田路
彰化縣,彰化縣田尾鄉,豐田路
彰化縣,彰化縣田尾鄉,順安路
彰化縣,彰化縣田尾鄉,順安路
彰化縣,彰化縣田尾鄉,鳳田路
彰化縣,彰化縣田尾鄉,鳳田路
彰化縣,彰化縣埤頭鄉,中南路
彰化縣,彰化縣埤頭鄉,中南路
彰化縣,彰化縣埤頭鄉,中埔路
彰化縣,彰化縣埤頭鄉,中埔路
彰化縣,彰化縣埤頭鄉,中學路
彰化縣,彰化縣埤頭鄉,中學路
彰化縣,彰化縣埤頭鄉,中華路
彰化縣,彰化縣埤頭鄉,中華路
彰化縣,彰化縣埤頭鄉,健安街
彰化縣,彰化縣埤頭鄉,健安街
彰化縣,彰化縣埤頭鄉,光復路
彰化縣,彰化縣埤頭鄉,光復路
彰化縣,彰化縣埤頭鄉,光華路
彰化縣,彰化縣埤頭鄉,光華路
彰化縣,彰化縣埤頭鄉,公舘路
彰化縣,彰化縣埤頭鄉,公舘路
彰化縣,彰化縣埤頭鄉,十號路
彰化縣,彰化縣埤頭鄉,十號路
彰化縣,彰化縣埤頭鄉,合興街
彰化縣,彰化縣埤頭鄉,合興街
彰化縣,彰化縣埤頭鄉,和平路
彰化縣,彰化縣埤頭鄉,和平路
彰化縣,彰化縣埤頭鄉,嘉和路
彰化縣,彰化縣埤頭鄉,嘉和路
彰化縣,彰化縣埤頭鄉,埔尾路
彰化縣,彰化縣埤頭鄉,埔尾路
彰化縣,彰化縣埤頭鄉,埤圳北路
彰化縣,彰化縣埤頭鄉,埤圳北路
彰化縣,彰化縣埤頭鄉,埤頭路
彰化縣,彰化縣埤頭鄉,埤頭路
彰化縣,彰化縣埤頭鄉,大埔路
彰化縣,彰化縣埤頭鄉,大埔路
彰化縣,彰化縣埤頭鄉,太平路
彰化縣,彰化縣埤頭鄉,太平路
彰化縣,彰化縣埤頭鄉,安康街
彰化縣,彰化縣埤頭鄉,安康街
彰化縣,彰化縣埤頭鄉,崙子路
彰化縣,彰化縣埤頭鄉,崙子路
彰化縣,彰化縣埤頭鄉,平原路
彰化縣,彰化縣埤頭鄉,平原路
彰化縣,彰化縣埤頭鄉,庄尾路
彰化縣,彰化縣埤頭鄉,庄尾路
彰化縣,彰化縣埤頭鄉,廟前路
彰化縣,彰化縣埤頭鄉,廟前路
彰化縣,彰化縣埤頭鄉,彰水路
彰化縣,彰化縣埤頭鄉,彰水路
彰化縣,彰化縣埤頭鄉,振興南路
彰化縣,彰化縣埤頭鄉,振興南路
彰化縣,彰化縣埤頭鄉,文化路
彰化縣,彰化縣埤頭鄉,文化路
彰化縣,彰化縣埤頭鄉,文鄉路
彰化縣,彰化縣埤頭鄉,文鄉路
彰化縣,彰化縣埤頭鄉,斗苑西路
彰化縣,彰化縣埤頭鄉,斗苑西路
彰化縣,彰化縣埤頭鄉,新生路
彰化縣,彰化縣埤頭鄉,新生路
彰化縣,彰化縣埤頭鄉,東環路
彰化縣,彰化縣埤頭鄉,東環路
彰化縣,彰化縣埤頭鄉,校前路
彰化縣,彰化縣埤頭鄉,校前路
彰化縣,彰化縣埤頭鄉,永安街
彰化縣,彰化縣埤頭鄉,永安街
彰化縣,彰化縣埤頭鄉,沙崙路
彰化縣,彰化縣埤頭鄉,沙崙路
彰化縣,彰化縣埤頭鄉,溪林路
彰化縣,彰化縣埤頭鄉,溪林路
彰化縣,彰化縣埤頭鄉,福德路
彰化縣,彰化縣埤頭鄉,福德路
彰化縣,彰化縣埤頭鄉,竹和路
彰化縣,彰化縣埤頭鄉,竹和路
彰化縣,彰化縣埤頭鄉,興原街
彰化縣,彰化縣埤頭鄉,興原街
彰化縣,彰化縣埤頭鄉,興工路
彰化縣,彰化縣埤頭鄉,興工路
彰化縣,彰化縣埤頭鄉,芙朝路
彰化縣,彰化縣埤頭鄉,芙朝路
彰化縣,彰化縣埤頭鄉,華泰三街
彰化縣,彰化縣埤頭鄉,華泰三街
彰化縣,彰化縣埤頭鄉,華泰五街
彰化縣,彰化縣埤頭鄉,華泰五街
彰化縣,彰化縣埤頭鄉,華泰街
彰化縣,彰化縣埤頭鄉,華泰街
彰化縣,彰化縣埤頭鄉,豊崙路
彰化縣,彰化縣埤頭鄉,豊崙路
彰化縣,彰化縣埤頭鄉,農場路
彰化縣,彰化縣埤頭鄉,農場路
彰化縣,彰化縣埤頭鄉,金安路
彰化縣,彰化縣埤頭鄉,金安路
彰化縣,彰化縣埤頭鄉,陸興路
彰化縣,彰化縣埤頭鄉,陸興路
彰化縣,彰化縣埤頭鄉,青埔路
彰化縣,彰化縣埤頭鄉,青埔路
彰化縣,彰化縣芳苑鄉,三成路
彰化縣,彰化縣芳苑鄉,三成路
彰化縣,彰化縣芳苑鄉,上林路
彰化縣,彰化縣芳苑鄉,上林路
彰化縣,彰化縣芳苑鄉,中正路
彰化縣,彰化縣芳苑鄉,中正路
彰化縣,彰化縣芳苑鄉,光明路
彰化縣,彰化縣芳苑鄉,光明路
彰化縣,彰化縣芳苑鄉,光華路
彰化縣,彰化縣芳苑鄉,光華路
彰化縣,彰化縣芳苑鄉,功湖路
彰化縣,彰化縣芳苑鄉,功湖路
彰化縣,彰化縣芳苑鄉,和平路
彰化縣,彰化縣芳苑鄉,和平路
彰化縣,彰化縣芳苑鄉,大同二路
彰化縣,彰化縣芳苑鄉,大同二路
彰化縣,彰化縣芳苑鄉,太平路
彰化縣,彰化縣芳苑鄉,太平路
彰化縣,彰化縣芳苑鄉,安家新邨七街
彰化縣,彰化縣芳苑鄉,安家新邨七街
彰化縣,彰化縣芳苑鄉,安家新邨二街
彰化縣,彰化縣芳苑鄉,安家新邨二街
彰化縣,彰化縣芳苑鄉,安家新邨六街
彰化縣,彰化縣芳苑鄉,安家新邨六街
彰化縣,彰化縣芳苑鄉,寮湖路
彰化縣,彰化縣芳苑鄉,寮湖路
彰化縣,彰化縣芳苑鄉,崙王路
彰化縣,彰化縣芳苑鄉,崙王路
彰化縣,彰化縣芳苑鄉,工區一路
彰化縣,彰化縣芳苑鄉,工區一路
彰化縣,彰化縣芳苑鄉,工區三路
彰化縣,彰化縣芳苑鄉,工區三路
彰化縣,彰化縣芳苑鄉,工區二路
彰化縣,彰化縣芳苑鄉,工區二路
彰化縣,彰化縣芳苑鄉,工區八路
彰化縣,彰化縣芳苑鄉,工區八路
彰化縣,彰化縣芳苑鄉,工區十一路
彰化縣,彰化縣芳苑鄉,工區十一路
彰化縣,彰化縣芳苑鄉,工區四路
彰化縣,彰化縣芳苑鄉,工區四路
彰化縣,彰化縣芳苑鄉,工業路
彰化縣,彰化縣芳苑鄉,工業路
彰化縣,彰化縣芳苑鄉,復溪路
彰化縣,彰化縣芳苑鄉,復溪路
彰化縣,彰化縣芳苑鄉,愛鄉路
彰化縣,彰化縣芳苑鄉,愛鄉路
彰化縣,彰化縣芳苑鄉,成功二路
彰化縣,彰化縣芳苑鄉,成功二路
彰化縣,彰化縣芳苑鄉,成功路
彰化縣,彰化縣芳苑鄉,成功路
彰化縣,彰化縣芳苑鄉,斗苑路
彰化縣,彰化縣芳苑鄉,斗苑路
彰化縣,彰化縣芳苑鄉,新上路
彰化縣,彰化縣芳苑鄉,新上路
彰化縣,彰化縣芳苑鄉,新南路
彰化縣,彰化縣芳苑鄉,新南路
彰化縣,彰化縣芳苑鄉,新城街
彰化縣,彰化縣芳苑鄉,新城街
彰化縣,彰化縣芳苑鄉,新復路
彰化縣,彰化縣芳苑鄉,新復路
彰化縣,彰化縣芳苑鄉,新西路
彰化縣,彰化縣芳苑鄉,新西路
彰化縣,彰化縣芳苑鄉,東平路
彰化縣,彰化縣芳苑鄉,東平路
彰化縣,彰化縣芳苑鄉,榮順路
彰化縣,彰化縣芳苑鄉,榮順路
彰化縣,彰化縣芳苑鄉,永樂路
彰化縣,彰化縣芳苑鄉,永樂路
彰化縣,彰化縣芳苑鄉,湖平路
彰化縣,彰化縣芳苑鄉,湖平路
彰化縣,彰化縣芳苑鄉,漁富路
彰化縣,彰化縣芳苑鄉,漁富路
彰化縣,彰化縣芳苑鄉,漁港七路
彰化縣,彰化縣芳苑鄉,漁港七路
彰化縣,彰化縣芳苑鄉,漁港二路
彰化縣,彰化縣芳苑鄉,漁港二路
彰化縣,彰化縣芳苑鄉,漁港六路
彰化縣,彰化縣芳苑鄉,漁港六路
彰化縣,彰化縣芳苑鄉,漁祥路
彰化縣,彰化縣芳苑鄉,漁祥路
彰化縣,彰化縣芳苑鄉,漢寶三路
彰化縣,彰化縣芳苑鄉,漢寶三路
彰化縣,彰化縣芳苑鄉,漢崙路
彰化縣,彰化縣芳苑鄉,漢崙路
彰化縣,彰化縣芳苑鄉,漢興北路
彰化縣,彰化縣芳苑鄉,漢興北路
彰化縣,彰化縣芳苑鄉,濱海路
彰化縣,彰化縣芳苑鄉,濱海路
彰化縣,彰化縣芳苑鄉,立德街
彰化縣,彰化縣芳苑鄉,立德街
彰化縣,彰化縣芳苑鄉,臨海路
彰化縣,彰化縣芳苑鄉,臨海路
彰化縣,彰化縣芳苑鄉,芳寮路
彰化縣,彰化縣芳苑鄉,芳寮路
彰化縣,彰化縣芳苑鄉,芳新路新街
彰化縣,彰化縣芳苑鄉,芳新路新街
彰化縣,彰化縣芳苑鄉,芳樂街
彰化縣,彰化縣芳苑鄉,芳樂街
彰化縣,彰化縣芳苑鄉,芳漢路
彰化縣,彰化縣芳苑鄉,芳漢路
彰化縣,彰化縣芳苑鄉,芳草路
彰化縣,彰化縣芳苑鄉,芳草路
彰化縣,彰化縣芳苑鄉,草崙路
彰化縣,彰化縣芳苑鄉,草崙路
彰化縣,彰化縣芳苑鄉,草漢路
彰化縣,彰化縣芳苑鄉,草漢路
彰化縣,彰化縣芳苑鄉,農場中路
彰化縣,彰化縣芳苑鄉,農場中路
彰化縣,彰化縣芳苑鄉,過埤路
彰化縣,彰化縣芳苑鄉,過埤路
彰化縣,彰化縣芳苑鄉,鎮海路
彰化縣,彰化縣芳苑鄉,鎮海路
彰化縣,彰化縣大城鄉,三圳路
彰化縣,彰化縣大城鄉,三圳路
彰化縣,彰化縣大城鄉,三民路
彰化縣,彰化縣大城鄉,三民路
彰化縣,彰化縣大城鄉,中央路
彰化縣,彰化縣大城鄉,中央路
彰化縣,彰化縣大城鄉,中平路
彰化縣,彰化縣大城鄉,中平路
彰化縣,彰化縣大城鄉,仁一路
彰化縣,彰化縣大城鄉,仁一路
彰化縣,彰化縣大城鄉,北勢路
彰化縣,彰化縣大城鄉,北勢路
彰化縣,彰化縣大城鄉,北平路
彰化縣,彰化縣大城鄉,北平路
彰化縣,彰化縣大城鄉,南平路
彰化縣,彰化縣大城鄉,南平路
彰化縣,彰化縣大城鄉,和平路
彰化縣,彰化縣大城鄉,和平路
彰化縣,彰化縣大城鄉,城中街
彰化縣,彰化縣大城鄉,城中街
彰化縣,彰化縣大城鄉,城南二街
彰化縣,彰化縣大城鄉,城南二街
彰化縣,彰化縣大城鄉,大埔路
彰化縣,彰化縣大城鄉,大埔路
彰化縣,彰化縣大城鄉,大山路
彰化縣,彰化縣大城鄉,大山路
彰化縣,彰化縣大城鄉,宮前街
彰化縣,彰化縣大城鄉,宮前街
彰化縣,彰化縣大城鄉,宮后里路
彰化縣,彰化縣大城鄉,宮后里路
彰化縣,彰化縣大城鄉,平坦路
彰化縣,彰化縣大城鄉,平坦路
彰化縣,彰化縣大城鄉,平秩路
彰化縣,彰化縣大城鄉,平秩路
彰化縣,彰化縣大城鄉,廟口路
彰化縣,彰化縣大城鄉,廟口路
彰化縣,彰化縣大城鄉,東勢路
彰化縣,彰化縣大城鄉,東勢路
彰化縣,彰化縣大城鄉,東平路
彰化縣,彰化縣大城鄉,東平路
彰化縣,彰化縣大城鄉,東西路
彰化縣,彰化縣大城鄉,東西路
彰化縣,彰化縣大城鄉,潭城路
彰化縣,彰化縣大城鄉,潭城路
彰化縣,彰化縣大城鄉,福建路
彰化縣,彰化縣大城鄉,福建路
彰化縣,彰化縣大城鄉,西勢路
彰化縣,彰化縣大城鄉,西勢路
彰化縣,彰化縣大城鄉,西平路
彰化縣,彰化縣大城鄉,西平路
彰化縣,彰化縣大城鄉,通海路
彰化縣,彰化縣大城鄉,通海路
彰化縣,彰化縣大城鄉,頂寮路
彰化縣,彰化縣大城鄉,頂寮路
彰化縣,彰化縣大城鄉,順元路
彰化縣,彰化縣大城鄉,順元路
彰化縣,彰化縣竹塘鄉,中央路
彰化縣,彰化縣竹塘鄉,中央路
彰化縣,彰化縣竹塘鄉,仁愛街
彰化縣,彰化縣竹塘鄉,仁愛街
彰化縣,彰化縣竹塘鄉,光明路
彰化縣,彰化縣竹塘鄉,光明路
彰化縣,彰化縣竹塘鄉,大湖路
彰化縣,彰化縣竹塘鄉,大湖路
彰化縣,彰化縣竹塘鄉,復興路
彰化縣,彰化縣竹塘鄉,復興路
彰化縣,彰化縣竹塘鄉,成功路
彰化縣,彰化縣竹塘鄉,成功路
彰化縣,彰化縣竹塘鄉,文化街
彰化縣,彰化縣竹塘鄉,文化街
彰化縣,彰化縣竹塘鄉,新生路
彰化縣,彰化縣竹塘鄉,新生路
彰化縣,彰化縣竹塘鄉,東陽路
彰化縣,彰化縣竹塘鄉,東陽路
彰化縣,彰化縣竹塘鄉,洛陽路
彰化縣,彰化縣竹塘鄉,洛陽路
彰化縣,彰化縣竹塘鄉,福田路
彰化縣,彰化縣竹塘鄉,福田路
彰化縣,彰化縣竹塘鄉,竹塘街
彰化縣,彰化縣竹塘鄉,竹塘街
彰化縣,彰化縣竹塘鄉,竹西路
彰化縣,彰化縣竹塘鄉,竹西路
彰化縣,彰化縣竹塘鄉,自強路
彰化縣,彰化縣竹塘鄉,自強路
彰化縣,彰化縣竹塘鄉,長春路
彰化縣,彰化縣竹塘鄉,長春路
彰化縣,彰化縣溪州鄉,三西路
彰化縣,彰化縣溪州鄉,三西路
彰化縣,彰化縣溪州鄉,下柑路
彰化縣,彰化縣溪州鄉,下柑路
彰化縣,彰化縣溪州鄉,下霸路
彰化縣,彰化縣溪州鄉,下霸路
彰化縣,彰化縣溪州鄉,中和路
彰化縣,彰化縣溪州鄉,中和路
彰化縣,彰化縣溪州鄉,中山路
彰化縣,彰化縣溪州鄉,中山路
彰化縣,彰化縣溪州鄉,中興路
彰化縣,彰化縣溪州鄉,中興路
彰化縣,彰化縣溪州鄉,中路
彰化縣,彰化縣溪州鄉,中路
彰化縣,彰化縣溪州鄉,仁愛路
彰化縣,彰化縣溪州鄉,仁愛路
彰化縣,彰化縣溪州鄉,俊智路
彰化縣,彰化縣溪州鄉,俊智路
彰化縣,彰化縣溪州鄉,信義路
彰化縣,彰化縣溪州鄉,信義路
彰化縣,彰化縣溪州鄉,光復路
彰化縣,彰化縣溪州鄉,光復路
彰化縣,彰化縣溪州鄉,光明七街
彰化縣,彰化縣溪州鄉,光明七街
彰化縣,彰化縣溪州鄉,光明二街
彰化縣,彰化縣溪州鄉,光明二街
彰化縣,彰化縣溪州鄉,光明六街
彰化縣,彰化縣溪州鄉,光明六街
彰化縣,彰化縣溪州鄉,光路
彰化縣,彰化縣溪州鄉,光路
彰化縣,彰化縣溪州鄉,公平街
彰化縣,彰化縣溪州鄉,公平街
彰化縣,彰化縣溪州鄉,公正街
彰化縣,彰化縣溪州鄉,公正街
彰化縣,彰化縣溪州鄉,南充路
彰化縣,彰化縣溪州鄉,南充路
彰化縣,彰化縣溪州鄉,厝後路
彰化縣,彰化縣溪州鄉,厝後路
彰化縣,彰化縣溪州鄉,和平路
彰化縣,彰化縣溪州鄉,和平路
彰化縣,彰化縣溪州鄉,圳南路
彰化縣,彰化縣溪州鄉,圳南路
彰化縣,彰化縣溪州鄉,埤圳南路
彰化縣,彰化縣溪州鄉,埤圳南路
彰化縣,彰化縣溪州鄉,大同路
彰化縣,彰化縣溪州鄉,大同路
彰化縣,彰化縣溪州鄉,太安路
彰化縣,彰化縣溪州鄉,太安路
彰化縣,彰化縣溪州鄉,平和路
彰化縣,彰化縣溪州鄉,平和路
彰化縣,彰化縣溪州鄉,彰水路
彰化縣,彰化縣溪州鄉,彰水路
彰化縣,彰化縣溪州鄉,忠孝路
彰化縣,彰化縣溪州鄉,忠孝路
彰化縣,彰化縣溪州鄉,政民路
彰化縣,彰化縣溪州鄉,政民路
彰化縣,彰化縣溪州鄉,新庄路
彰化縣,彰化縣溪州鄉,新庄路
彰化縣,彰化縣溪州鄉,木橋路
彰化縣,彰化縣溪州鄉,木橋路
彰化縣,彰化縣溪州鄉,村外路
彰化縣,彰化縣溪州鄉,村外路
彰化縣,彰化縣溪州鄉,村東路
彰化縣,彰化縣溪州鄉,村東路
彰化縣,彰化縣溪州鄉,東光路
彰化縣,彰化縣溪州鄉,東光路
彰化縣,彰化縣溪州鄉,東州路
彰化縣,彰化縣溪州鄉,東州路
彰化縣,彰化縣溪州鄉,榮光路
彰化縣,彰化縣溪州鄉,榮光路
彰化縣,彰化縣溪州鄉,民權路
彰化縣,彰化縣溪州鄉,民權路
彰化縣,彰化縣溪州鄉,永安路
彰化縣,彰化縣溪州鄉,永安路
彰化縣,彰化縣溪州鄉,溪二路
彰化縣,彰化縣溪州鄉,溪二路
彰化縣,彰化縣溪州鄉,溪埔路
彰化縣,彰化縣溪州鄉,溪埔路
彰化縣,彰化縣溪州鄉,溪林路
彰化縣,彰化縣溪州鄉,溪林路
彰化縣,彰化縣溪州鄉,登山路
彰化縣,彰化縣溪州鄉,登山路
彰化縣,彰化縣溪州鄉,福德路
彰化縣,彰化縣溪州鄉,福德路
彰化縣,彰化縣溪州鄉,穎川路
彰化縣,彰化縣溪州鄉,穎川路
彰化縣,彰化縣溪州鄉,胡厝路
彰化縣,彰化縣溪州鄉,胡厝路
彰化縣,彰化縣溪州鄉,舊溪路
彰化縣,彰化縣溪州鄉,舊溪路
彰化縣,彰化縣溪州鄉,苗專一路
彰化縣,彰化縣溪州鄉,苗專一路
彰化縣,彰化縣溪州鄉,苗專二路
彰化縣,彰化縣溪州鄉,苗專二路
彰化縣,彰化縣溪州鄉,莒光路
彰化縣,彰化縣溪州鄉,莒光路
彰化縣,彰化縣溪州鄉,西平路
彰化縣,彰化縣溪州鄉,西平路
彰化縣,彰化縣溪州鄉,農家路
彰化縣,彰化縣溪州鄉,農家路
彰化縣,彰化縣溪州鄉,進樂路
彰化縣,彰化縣溪州鄉,進樂路
彰化縣,彰化縣溪州鄉,過溪路
彰化縣,彰化縣溪州鄉,過溪路
彰化縣,彰化縣溪州鄉,頂北路
彰化縣,彰化縣溪州鄉,頂北路
彰化縣,彰化縣溪州鄉,頂西路
彰化縣,彰化縣溪州鄉,頂西路
彰化縣,彰化縣溪州鄉,黃厝路
彰化縣,彰化縣溪州鄉,黃厝路
南投縣,南投縣南投市,三和三路
南投縣,南投縣南投市,三和三路
南投縣,南投縣南投市,三和二路一街
南投縣,南投縣南投市,三和二路一街
南投縣,南投縣南投市,中學西路
南投縣,南投縣南投市,中學西路
南投縣,南投縣南投市,中山一街
南投縣,南投縣南投市,中山一街
南投縣,南投縣南投市,中山街
南投縣,南投縣南投市,中山街
南投縣,南投縣南投市,中興一路
南投縣,南投縣南投市,中興一路
南投縣,南投縣南投市,中興路一街
南投縣,南投縣南投市,中興路一街
南投縣,南投縣南投市,中華路
南投縣,南投縣南投市,中華路
南投縣,南投縣南投市,仁德路
南投縣,南投縣南投市,仁德路
南投縣,南投縣南投市,仁愛路
南投縣,南投縣南投市,仁愛路
南投縣,南投縣南投市,仁智街
南投縣,南投縣南投市,仁智街
南投縣,南投縣南投市,仁義路
南投縣,南投縣南投市,仁義路
南投縣,南投縣南投市,光明一路
南投縣,南投縣南投市,光明一路
南投縣,南投縣南投市,光明二路
南投縣,南投縣南投市,光明二路
南投縣,南投縣南投市,光明南路
南投縣,南投縣南投市,光明南路
南投縣,南投縣南投市,光明路
南投縣,南投縣南投市,光明路
南投縣,南投縣南投市,光榮北路一街
南投縣,南投縣南投市,光榮北路一街
南投縣,南投縣南投市,光榮北路三街
南投縣,南投縣南投市,光榮北路三街
南投縣,南投縣南投市,光榮北路五街
南投縣,南投縣南投市,光榮北路五街
南投縣,南投縣南投市,光榮北路四街
南投縣,南投縣南投市,光榮北路四街
南投縣,南投縣南投市,光榮南路一街
南投縣,南投縣南投市,光榮南路一街
南投縣,南投縣南投市,光榮南路二街
南投縣,南投縣南投市,光榮南路二街
南投縣,南投縣南投市,光榮東路
南投縣,南投縣南投市,光榮東路
南投縣,南投縣南投市,光榮東路二街
南投縣,南投縣南投市,光榮東路二街
南投縣,南投縣南投市,光榮西路一街
南投縣,南投縣南投市,光榮西路一街
南投縣,南投縣南投市,光華三路
南投縣,南投縣南投市,光華三路
南投縣,南投縣南投市,光華二路一街
南投縣,南投縣南投市,光華二路一街
南投縣,南投縣南投市,光華五路
南投縣,南投縣南投市,光華五路
南投縣,南投縣南投市,光華十路
南投縣,南投縣南投市,光華十路
南投縣,南投縣南投市,光華四路一街
南投縣,南投縣南投市,光華四路一街
南投縣,南投縣南投市,內興路
南投縣,南投縣南投市,內興路
南投縣,南投縣南投市,八德路
南投縣,南投縣南投市,八德路
南投縣,南投縣南投市,公園街
南投縣,南投縣南投市,公園街
南投縣,南投縣南投市,力行一街
南投縣,南投縣南投市,力行一街
南投縣,南投縣南投市,力行二街
南投縣,南投縣南投市,力行二街
南投縣,南投縣南投市,力行街
南投縣,南投縣南投市,力行街
南投縣,南投縣南投市,千秋路
南投縣,南投縣南投市,千秋路
南投縣,南投縣南投市,南崗三路
南投縣,南投縣南投市,南崗三路
南投縣,南投縣南投市,南新路
南投縣,南投縣南投市,南新路
南投縣,南投縣南投市,南鄉路
南投縣,南投縣南投市,南鄉路
南投縣,南投縣南投市,吉利路
南投縣,南投縣南投市,吉利路
南投縣,南投縣南投市,同源路一街
南投縣,南投縣南投市,同源路一街
南投縣,南投縣南投市,同源路三街
南投縣,南投縣南投市,同源路三街
南投縣,南投縣南投市,同源路二街
南投縣,南投縣南投市,同源路二街
南投縣,南投縣南投市,同源路八街
南投縣,南投縣南投市,同源路八街
南投縣,南投縣南投市,同源路十街
南投縣,南投縣南投市,同源路十街
南投縣,南投縣南投市,向上一路
南投縣,南投縣南投市,向上一路
南投縣,南投縣南投市,向上二路
南投縣,南投縣南投市,向上二路
南投縣,南投縣南投市,向上六路
南投縣,南投縣南投市,向上六路
南投縣,南投縣南投市,向陽路
南投縣,南投縣南投市,向陽路
南投縣,南投縣南投市,嘉和二路
南投縣,南投縣南投市,嘉和二路
南投縣,南投縣南投市,大同南街
南投縣,南投縣南投市,大同南街
南投縣,南投縣南投市,大埤街
南投縣,南投縣南投市,大埤街
南投縣,南投縣南投市,學府一街
南投縣,南投縣南投市,學府一街
南投縣,南投縣南投市,學府三街
南投縣,南投縣南投市,學府三街
南投縣,南投縣南投市,學府二街
南投縣,南投縣南投市,學府二街
南投縣,南投縣南投市,學府八街
南投縣,南投縣南投市,學府八街
南投縣,南投縣南投市,學藝三路
南投縣,南投縣南投市,學藝三路
南投縣,南投縣南投市,學藝路
南投縣,南投縣南投市,學藝路
南投縣,南投縣南投市,工業北一路
南投縣,南投縣南投市,工業北一路
南投縣,南投縣南投市,工業北二路
南投縣,南投縣南投市,工業北二路
南投縣,南投縣南投市,工業北六路
南投縣,南投縣南投市,工業北六路
南投縣,南投縣南投市,工業南一路
南投縣,南投縣南投市,工業南一路
南投縣,南投縣南投市,工業南三路
南投縣,南投縣南投市,工業南三路
南投縣,南投縣南投市,工業南二路
南投縣,南投縣南投市,工業南二路
南投縣,南投縣南投市,工業南六路
南投縣,南投縣南投市,工業南六路
南投縣,南投縣南投市,工業路
南投縣,南投縣南投市,工業路
南投縣,南投縣南投市,平山一路
南投縣,南投縣南投市,平山一路
南投縣,南投縣南投市,平山一路三街
南投縣,南投縣南投市,平山一路三街
南投縣,南投縣南投市,平山一路四街
南投縣,南投縣南投市,平山一路四街
南投縣,南投縣南投市,府南一路
南投縣,南投縣南投市,府南一路
南投縣,南投縣南投市,府南路一街
南投縣,南投縣南投市,府南路一街
南投縣,南投縣南投市,府西路
南投縣,南投縣南投市,府西路
南投縣,南投縣南投市,彰南路
南投縣,南投縣南投市,彰南路
南投縣,南投縣南投市,復興路
南投縣,南投縣南投市,復興路
南投縣,南投縣南投市,忠孝一街
南投縣,南投縣南投市,忠孝一街
南投縣,南投縣南投市,忠孝三街
南投縣,南投縣南投市,忠孝三街
南投縣,南投縣南投市,忠孝五街
南投縣,南投縣南投市,忠孝五街
南投縣,南投縣南投市,忠孝六街
南投縣,南投縣南投市,忠孝六街
南投縣,南投縣南投市,忠孝路
南投縣,南投縣南投市,忠孝路
南投縣,南投縣南投市,成功三路
南投縣,南投縣南投市,成功三路
南投縣,南投縣南投市,成功三路二街
南投縣,南投縣南投市,成功三路二街
南投縣,南投縣南投市,成功三路四街
南投縣,南投縣南投市,成功三路四街
南投縣,南投縣南投市,成功二路一街
南投縣,南投縣南投市,成功二路一街
南投縣,南投縣南投市,成功街
南投縣,南投縣南投市,成功街
南投縣,南投縣南投市,文化南路
南投縣,南投縣南投市,文化南路
南投縣,南投縣南投市,文昌街
南投縣,南投縣南投市,文昌街
南投縣,南投縣南投市,文獻路
南投縣,南投縣南投市,文獻路
南投縣,南投縣南投市,新市路
南投縣,南投縣南投市,新市路
南投縣,南投縣南投市,明新路
南投縣,南投縣南投市,明新路
南投縣,南投縣南投市,東山路一街
南投縣,南投縣南投市,東山路一街
南投縣,南投縣南投市,樂利一路
南投縣,南投縣南投市,樂利一路
南投縣,南投縣南投市,樂利三路
南投縣,南投縣南投市,樂利三路
南投縣,南投縣南投市,樂利二路
南投縣,南投縣南投市,樂利二路
南投縣,南投縣南投市,樂利六街
南投縣,南投縣南投市,樂利六街
南投縣,南投縣南投市,民族路
南投縣,南投縣南投市,民族路
南投縣,南投縣南投市,民生街
南投縣,南投縣南投市,民生街
南投縣,南投縣南投市,永興路一街
南投縣,南投縣南投市,永興路一街
南投縣,南投縣南投市,營中路
南投縣,南投縣南投市,營中路
南投縣,南投縣南投市,營盤路
南投縣,南投縣南投市,營盤路
南投縣,南投縣南投市,玉井街
南投縣,南投縣南投市,玉井街
南投縣,南投縣南投市,琯溪街
南投縣,南投縣南投市,琯溪街
南投縣,南投縣南投市,省府一路
南投縣,南投縣南投市,省府一路
南投縣,南投縣南投市,祖祠東路
南投縣,南投縣南投市,祖祠東路
南投縣,南投縣南投市,福崗路
南投縣,南投縣南投市,福崗路
南投縣,南投縣南投市,竹林路一街
南投縣,南投縣南投市,竹林路一街
南投縣,南投縣南投市,竹林路二街
南投縣,南投縣南投市,竹林路二街
南投縣,南投縣南投市,育樂路
南投縣,南投縣南投市,育樂路
南投縣,南投縣南投市,自強一路
南投縣,南投縣南投市,自強一路
南投縣,南投縣南投市,自強二街
南投縣,南投縣南投市,自強二街
南投縣,南投縣南投市,自強路
南投縣,南投縣南投市,自強路
南投縣,南投縣南投市,自立一路
南投縣,南投縣南投市,自立一路
南投縣,南投縣南投市,自立二路
南投縣,南投縣南投市,自立二路
南投縣,南投縣南投市,芳美路
南投縣,南投縣南投市,芳美路
南投縣,南投縣南投市,華陽路
南投縣,南投縣南投市,華陽路
南投縣,南投縣南投市,虎山路
南投縣,南投縣南投市,虎山路
南投縣,南投縣南投市,集賢路
南投縣,南投縣南投市,集賢路
南投縣,南投縣南投市,順溪南路
南投縣,南投縣南投市,順溪南路
南投縣,南投縣南投市,鳳鳴路
南投縣,南投縣南投市,鳳鳴路
南投縣,南投縣埔里鎮,七賢一街
南投縣,南投縣埔里鎮,七賢一街
南投縣,南投縣埔里鎮,三勰路
南投縣,南投縣埔里鎮,三勰路
南投縣,南投縣埔里鎮,中台路
南投縣,南投縣埔里鎮,中台路
南投縣,南投縣埔里鎮,中山三路
南投縣,南投縣埔里鎮,中山三路
南投縣,南投縣埔里鎮,中心路
南投縣,南投縣埔里鎮,中心路
南投縣,南投縣埔里鎮,中正一路
南投縣,南投縣埔里鎮,中正一路
南投縣,南投縣埔里鎮,中正二路
南投縣,南投縣埔里鎮,中正二路
南投縣,南投縣埔里鎮,中正路
南投縣,南投縣埔里鎮,中正路
南投縣,南投縣埔里鎮,九成街
南投縣,南投縣埔里鎮,九成街
南投縣,南投縣埔里鎮,九江街
南投縣,南投縣埔里鎮,九江街
南投縣,南投縣埔里鎮,仁愛路
南投縣,南投縣埔里鎮,仁愛路
南投縣,南投縣埔里鎮,光明路
南投縣,南投縣埔里鎮,光明路
南投縣,南投縣埔里鎮,光遠一街
南投縣,南投縣埔里鎮,光遠一街
南投縣,南投縣埔里鎮,光遠二街
南投縣,南投縣埔里鎮,光遠二街
南投縣,南投縣埔里鎮,內埔路
南投縣,南投縣埔里鎮,內埔路
南投縣,南投縣埔里鎮,八股路
南投縣,南投縣埔里鎮,八股路
南投縣,南投縣埔里鎮,公舘路
南投縣,南投縣埔里鎮,公舘路
南投縣,南投縣埔里鎮,公誠三街
南投縣,南投縣埔里鎮,公誠三街
南投縣,南投縣埔里鎮,公誠五街
南投縣,南投縣埔里鎮,公誠五街
南投縣,南投縣埔里鎮,公誠路
南投縣,南投縣埔里鎮,公誠路
南投縣,南投縣埔里鎮,六合路
南投縣,南投縣埔里鎮,六合路
南投縣,南投縣埔里鎮,力行路
南投縣,南投縣埔里鎮,力行路
南投縣,南投縣埔里鎮,北平街
南投縣,南投縣埔里鎮,北平街
南投縣,南投縣埔里鎮,北澤街
南投縣,南投縣埔里鎮,北澤街
南投縣,南投縣埔里鎮,北辰街
南投縣,南投縣埔里鎮,北辰街
南投縣,南投縣埔里鎮,北門二街
南投縣,南投縣埔里鎮,北門二街
南投縣,南投縣埔里鎮,南昌街
南投縣,南投縣埔里鎮,南昌街
南投縣,南投縣埔里鎮,南榮路
南投縣,南投縣埔里鎮,南榮路
南投縣,南投縣埔里鎮,南盛街
南投縣,南投縣埔里鎮,南盛街
南投縣,南投縣埔里鎮,博愛路
南投縣,南投縣埔里鎮,博愛路
南投縣,南投縣埔里鎮,合作一街
南投縣,南投縣埔里鎮,合作一街
南投縣,南投縣埔里鎮,同春三街
南投縣,南投縣埔里鎮,同春三街
南投縣,南投縣埔里鎮,同聲路
南投縣,南投縣埔里鎮,同聲路
南投縣,南投縣埔里鎮,和二街
南投縣,南投縣埔里鎮,和二街
南投縣,南投縣埔里鎮,和六街
南投縣,南投縣埔里鎮,和六街
南投縣,南投縣埔里鎮,和平東路
南投縣,南投縣埔里鎮,和平東路
南投縣,南投縣埔里鎮,墘溪路
南投縣,南投縣埔里鎮,墘溪路
南投縣,南投縣埔里鎮,大同街
南投縣,南投縣埔里鎮,大同街
南投縣,南投縣埔里鎮,大城路
南投縣,南投縣埔里鎮,大城路
南投縣,南投縣埔里鎮,大湳一街
南投縣,南投縣埔里鎮,大湳一街
南投縣,南投縣埔里鎮,大湳二街
南投縣,南投縣埔里鎮,大湳二街
南投縣,南投縣埔里鎮,大湳八街
南投縣,南投縣埔里鎮,大湳八街
南投縣,南投縣埔里鎮,大湳路
南投縣,南投縣埔里鎮,大湳路
南投縣,南投縣埔里鎮,安七街
南投縣,南投縣埔里鎮,安七街
南投縣,南投縣埔里鎮,安十街
南投縣,南投縣埔里鎮,安十街
南投縣,南投縣埔里鎮,宏仁路
南投縣,南投縣埔里鎮,宏仁路
南投縣,南投縣埔里鎮,寧靖路
南投縣,南投縣埔里鎮,寧靖路
南投縣,南投縣埔里鎮,崇文三街
南投縣,南投縣埔里鎮,崇文三街
南投縣,南投縣埔里鎮,平三街
南投縣,南投縣埔里鎮,平三街
南投縣,南投縣埔里鎮,平四街
南投縣,南投縣埔里鎮,平四街
南投縣,南投縣埔里鎮,廈門街
南投縣,南投縣埔里鎮,廈門街
南投縣,南投縣埔里鎮,建國路
南投縣,南投縣埔里鎮,建國路
南投縣,南投縣埔里鎮,德一街
南投縣,南投縣埔里鎮,德一街
南投縣,南投縣埔里鎮,忠勤路
南投縣,南投縣埔里鎮,忠勤路
南投縣,南投縣埔里鎮,忠孝三路
南投縣,南投縣埔里鎮,忠孝三路
南投縣,南投縣埔里鎮,忠孝路
南投縣,南投縣埔里鎮,忠孝路
南投縣,南投縣埔里鎮,愛華街
南投縣,南投縣埔里鎮,愛華街
南投縣,南投縣埔里鎮,慈恩街
南投縣,南投縣埔里鎮,慈恩街
南投縣,南投縣埔里鎮,房里路
南投縣,南投縣埔里鎮,房里路
南投縣,南投縣埔里鎮,新市街
南投縣,南投縣埔里鎮,新市街
南投縣,南投縣埔里鎮,新生路
南投縣,南投縣埔里鎮,新生路
南投縣,南投縣埔里鎮,明德路
南投縣,南投縣埔里鎮,明德路
南投縣,南投縣埔里鎮,東峰路
南投縣,南投縣埔里鎮,東峰路
南投縣,南投縣埔里鎮,東昇二街
南投縣,南投縣埔里鎮,東昇二街
南投縣,南投縣埔里鎮,東潤路
南投縣,南投縣埔里鎮,東潤路
南投縣,南投縣埔里鎮,東興三街
南投縣,南投縣埔里鎮,東興三街
南投縣,南投縣埔里鎮,東華路
南投縣,南投縣埔里鎮,東華路
南投縣,南投縣埔里鎮,桃南路
南投縣,南投縣埔里鎮,桃南路
南投縣,南投縣埔里鎮,桃源二街
南投縣,南投縣埔里鎮,桃源二街
南投縣,南投縣埔里鎮,梅子路
南投縣,南投縣埔里鎮,梅子路
南投縣,南投縣埔里鎮,梅村路
南投縣,南投縣埔里鎮,梅村路
南投縣,南投縣埔里鎮,梅林七街
南投縣,南投縣埔里鎮,梅林七街
南投縣,南投縣埔里鎮,梅林二街
南投縣,南投縣埔里鎮,梅林二街
南投縣,南投縣埔里鎮,梅林八街
南投縣,南投縣埔里鎮,梅林八街
南投縣,南投縣埔里鎮,梅林四街
南投縣,南投縣埔里鎮,梅林四街
南投縣,南投縣埔里鎮,樹人一街
南投縣,南投縣埔里鎮,樹人一街
南投縣,南投縣埔里鎮,樹人二街
南投縣,南投縣埔里鎮,樹人二街
南投縣,南投縣埔里鎮,武界路
南投縣,南投縣埔里鎮,武界路
南投縣,南投縣埔里鎮,民富路
南投縣,南投縣埔里鎮,民富路
南投縣,南投縣埔里鎮,民族三街
南投縣,南投縣埔里鎮,民族三街
南投縣,南投縣埔里鎮,民族四街
南投縣,南投縣埔里鎮,民族四街
南投縣,南投縣埔里鎮,民有一街
南投縣,南投縣埔里鎮,民有一街
南投縣,南投縣埔里鎮,民有二街
南投縣,南投縣埔里鎮,民有二街
南投縣,南投縣埔里鎮,民治一街
南投縣,南投縣埔里鎮,民治一街
南投縣,南投縣埔里鎮,民治二街
南投縣,南投縣埔里鎮,民治二街
南投縣,南投縣埔里鎮,水泉路
南投縣,南投縣埔里鎮,水泉路
南投縣,南投縣埔里鎮,水頭路
南投縣,南投縣埔里鎮,水頭路
南投縣,南投縣埔里鎮,永興路
南投縣,南投縣埔里鎮,永興路
南投縣,南投縣埔里鎮,河南路
南投縣,南投縣埔里鎮,河南路
南投縣,南投縣埔里鎮,漢陽一街
南投縣,南投縣埔里鎮,漢陽一街
南投縣,南投縣埔里鎮,漢陽二街
南投縣,南投縣埔里鎮,漢陽二街
南投縣,南投縣埔里鎮,濟南街
南投縣,南投縣埔里鎮,濟南街
南投縣,南投縣埔里鎮,獅子路
南投縣,南投縣埔里鎮,獅子路
南投縣,南投縣埔里鎮,珠生路
南投縣,南投縣埔里鎮,珠生路
南投縣,南投縣埔里鎮,眉原路
南投縣,南投縣埔里鎮,眉原路
南投縣,南投縣埔里鎮,石坑路
南投縣,南投縣埔里鎮,石坑路
南投縣,南投縣埔里鎮,福興路
南投縣,南投縣埔里鎮,福興路
南投縣,南投縣埔里鎮,種瓜路
南投縣,南投縣埔里鎮,種瓜路
南投縣,南投縣埔里鎮,育德一街
南投縣,南投縣埔里鎮,育德一街
南投縣,南投縣埔里鎮,育德街
南投縣,南投縣埔里鎮,育德街
南投縣,南投縣埔里鎮,育溪路
南投縣,南投縣埔里鎮,育溪路
南投縣,南投縣埔里鎮,育英街
南投縣,南投縣埔里鎮,育英街
南投縣,南投縣埔里鎮,興華一街
南投縣,南投縣埔里鎮,興華一街
南投縣,南投縣埔里鎮,興華二街
南投縣,南投縣埔里鎮,興華二街
南投縣,南投縣埔里鎮,英一街
南投縣,南投縣埔里鎮,英一街
南投縣,南投縣埔里鎮,英三街
南投縣,南投縣埔里鎮,英三街
南投縣,南投縣埔里鎮,英五街
南投縣,南投縣埔里鎮,英五街
南投縣,南投縣埔里鎮,英四街
南投縣,南投縣埔里鎮,英四街
南投縣,南投縣埔里鎮,蘭陽街
南投縣,南投縣埔里鎮,蘭陽街
南投縣,南投縣埔里鎮,虎山二街
南投縣,南投縣埔里鎮,虎山二街
南投縣,南投縣埔里鎮,虎山八街
南投縣,南投縣埔里鎮,虎山八街
南投縣,南投縣埔里鎮,虎山路
南投縣,南投縣埔里鎮,虎山路
南投縣,南投縣埔里鎮,虎耳三街
南投縣,南投縣埔里鎮,虎耳三街
南投縣,南投縣埔里鎮,虎耳五街
南投縣,南投縣埔里鎮,虎耳五街
南投縣,南投縣埔里鎮,褔興路
南投縣,南投縣埔里鎮,褔興路
南投縣,南投縣埔里鎮,西寧路
南投縣,南投縣埔里鎮,西寧路
南投縣,南投縣埔里鎮,覆金路
南投縣,南投縣埔里鎮,覆金路
南投縣,南投縣埔里鎮,過坑路
南投縣,南投縣埔里鎮,過坑路
南投縣,南投縣埔里鎮,鐵山路
南投縣,南投縣埔里鎮,鐵山路
南投縣,南投縣埔里鎮,開南路
南投縣,南投縣埔里鎮,開南路
南投縣,南投縣埔里鎮,青島街
南投縣,南投縣埔里鎮,青島街
南投縣,南投縣埔里鎮,青田三街
南投縣,南投縣埔里鎮,青田三街
南投縣,南投縣埔里鎮,青田四街
南投縣,南投縣埔里鎮,青田四街
南投縣,南投縣埔里鎮,鯉魚路
南投縣,南投縣埔里鎮,鯉魚路
南投縣,南投縣草屯鎮,中山南街
南投縣,南投縣草屯鎮,中山南街
南投縣,南投縣草屯鎮,中正路
南投縣,南投縣草屯鎮,中正路
南投縣,南投縣草屯鎮,仁愛街
南投縣,南投縣草屯鎮,仁愛街
南投縣,南投縣草屯鎮,保福街
南投縣,南投縣草屯鎮,保福街
南投縣,南投縣草屯鎮,信洋街
南投縣,南投縣草屯鎮,信洋街
南投縣,南投縣草屯鎮,健行路
南投縣,南投縣草屯鎮,健行路
南投縣,南投縣草屯鎮,儒林街
南投縣,南投縣草屯鎮,儒林街
南投縣,南投縣草屯鎮,加老東路
南投縣,南投縣草屯鎮,加老東路
南投縣,南投縣草屯鎮,勝和街
南投縣,南投縣草屯鎮,勝和街
南投縣,南投縣草屯鎮,南坪路
南投縣,南投縣草屯鎮,南坪路
南投縣,南投縣草屯鎮,史舘路
南投縣,南投縣草屯鎮,史舘路
南投縣,南投縣草屯鎮,和興一街
南投縣,南投縣草屯鎮,和興一街
南投縣,南投縣草屯鎮,和興二街
南投縣,南投縣草屯鎮,和興二街
南投縣,南投縣草屯鎮,嘉興街
南投縣,南投縣草屯鎮,嘉興街
南投縣,南投縣草屯鎮,大成街
南投縣,南投縣草屯鎮,大成街
南投縣,南投縣草屯鎮,太平路
南投縣,南投縣草屯鎮,太平路
南投縣,南投縣草屯鎮,富中路
南投縣,南投縣草屯鎮,富中路
南投縣,南投縣草屯鎮,富昌路
南投縣,南投縣草屯鎮,富昌路
南投縣,南投縣草屯鎮,富林路
南投縣,南投縣草屯鎮,富林路
南投縣,南投縣草屯鎮,平學路
南投縣,南投縣草屯鎮,平學路
南投縣,南投縣草屯鎮,平等街
南投縣,南投縣草屯鎮,平等街
南投縣,南投縣草屯鎮,建興一街
南投縣,南投縣草屯鎮,建興一街
南投縣,南投縣草屯鎮,建興二街
南投縣,南投縣草屯鎮,建興二街
南投縣,南投縣草屯鎮,建興四街
南投縣,南投縣草屯鎮,建興四街
南投縣,南投縣草屯鎮,御富路
南投縣,南投縣草屯鎮,御富路
南投縣,南投縣草屯鎮,忠孝街
南投縣,南投縣草屯鎮,忠孝街
南投縣,南投縣草屯鎮,成功路
南投縣,南投縣草屯鎮,成功路
南投縣,南投縣草屯鎮,敦和南路
南投縣,南投縣草屯鎮,敦和南路
南投縣,南投縣草屯鎮,文化街
南投縣,南投縣草屯鎮,文化街
南投縣,南投縣草屯鎮,新富二街
南投縣,南投縣草屯鎮,新富二街
南投縣,南投縣草屯鎮,新庄一路
南投縣,南投縣草屯鎮,新庄一路
南投縣,南投縣草屯鎮,新庄二路
南投縣,南投縣草屯鎮,新庄二路
南投縣,南投縣草屯鎮,新生路
南投縣,南投縣草屯鎮,新生路
南投縣,南投縣草屯鎮,新豐路
南投縣,南投縣草屯鎮,新豐路
南投縣,南投縣草屯鎮,明賢街
南投縣,南投縣草屯鎮,明賢街
南投縣,南投縣草屯鎮,東美街
南投縣,南投縣草屯鎮,東美街
南投縣,南投縣草屯鎮,正德街
南投縣,南投縣草屯鎮,正德街
南投縣,南投縣草屯鎮,正氣街
南投縣,南投縣草屯鎮,正氣街
南投縣,南投縣草屯鎮,正興街
南投縣,南投縣草屯鎮,正興街
南投縣,南投縣草屯鎮,民族一街
南投縣,南投縣草屯鎮,民族一街
南投縣,南投縣草屯鎮,民權一街
南投縣,南投縣草屯鎮,民權一街
南投縣,南投縣草屯鎮,民權西路
南投縣,南投縣草屯鎮,民權西路
南投縣,南投縣草屯鎮,民生一街
南投縣,南投縣草屯鎮,民生一街
南投縣,南投縣草屯鎮,民生二街
南投縣,南投縣草屯鎮,民生二街
南投縣,南投縣草屯鎮,永安路
南投縣,南投縣草屯鎮,永安路
南投縣,南投縣草屯鎮,炎峰街
南投縣,南投縣草屯鎮,炎峰街
南投縣,南投縣草屯鎮,玉峰街
南投縣,南投縣草屯鎮,玉峰街
南投縣,南投縣草屯鎮,番子田路
南投縣,南投縣草屯鎮,番子田路
南投縣,南投縣草屯鎮,省府路
南投縣,南投縣草屯鎮,省府路
南投縣,南投縣草屯鎮,碧山南路
南投縣,南投縣草屯鎮,碧山南路
南投縣,南投縣草屯鎮,碧峰路
南投縣,南投縣草屯鎮,碧峰路
南投縣,南投縣草屯鎮,稻香路
南投縣,南投縣草屯鎮,稻香路
南投縣,南投縣草屯鎮,育英街
南投縣,南投縣草屯鎮,育英街
南投縣,南投縣草屯鎮,芬草路
南投縣,南投縣草屯鎮,芬草路
南投縣,南投縣草屯鎮,草鞋墩一街
南投縣,南投縣草屯鎮,草鞋墩一街
南投縣,南投縣草屯鎮,虎山路
南投縣,南投縣草屯鎮,虎山路
南投縣,南投縣草屯鎮,順山路
南投縣,南投縣草屯鎮,順山路
南投縣,南投縣竹山鎮,下橫街
南投縣,南投縣竹山鎮,下橫街
南投縣,南投縣竹山鎮,中和路
南投縣,南投縣竹山鎮,中和路
南投縣,南投縣竹山鎮,中山路
南投縣,南投縣竹山鎮,中山路
南投縣,南投縣竹山鎮,保甲路
南投縣,南投縣竹山鎮,保甲路
南投縣,南投縣竹山鎮,公所路
南投縣,南投縣竹山鎮,公所路
南投縣,南投縣竹山鎮,南雲一路
南投縣,南投縣竹山鎮,南雲一路
南投縣,南投縣竹山鎮,向學街
南投縣,南投縣竹山鎮,向學街
南投縣,南投縣竹山鎮,坪頂路
南投縣,南投縣竹山鎮,坪頂路
南投縣,南投縣竹山鎮,埔頭街
南投縣,南投縣竹山鎮,埔頭街
南投縣,南投縣竹山鎮,大信街
南投縣,南投縣竹山鎮,大信街
南投縣,南投縣竹山鎮,大勇路
南投縣,南投縣竹山鎮,大勇路
南投縣,南投縣竹山鎮,大和街
南投縣,南投縣竹山鎮,大和街
南投縣,南投縣竹山鎮,大慶街
南投縣,南投縣竹山鎮,大慶街
南投縣,南投縣竹山鎮,大智路
南投縣,南投縣竹山鎮,大智路
南投縣,南投縣竹山鎮,大禮路
南投縣,南投縣竹山鎮,大禮路
南投縣,南投縣竹山鎮,大鞍路
南投縣,南投縣竹山鎮,大鞍路
南投縣,南投縣竹山鎮,安山路
南投縣,南投縣竹山鎮,安山路
南投縣,南投縣竹山鎮,延平一路
南投縣,南投縣竹山鎮,延平一路
南投縣,南投縣竹山鎮,延平二路
南投縣,南投縣竹山鎮,延平二路
南投縣,南投縣竹山鎮,延平六路
南投縣,南投縣竹山鎮,延平六路
南投縣,南投縣竹山鎮,延平路
南投縣,南投縣竹山鎮,延平路
南投縣,南投縣竹山鎮,延祥路
南投縣,南投縣竹山鎮,延祥路
南投縣,南投縣竹山鎮,建國一路
南投縣,南投縣竹山鎮,建國一路
南投縣,南投縣竹山鎮,建國二路
南投縣,南投縣竹山鎮,建國二路
南投縣,南投縣竹山鎮,建國四路
南投縣,南投縣竹山鎮,建國四路
南投縣,南投縣竹山鎮,成功街
南投縣,南投縣竹山鎮,成功街
南投縣,南投縣竹山鎮,新生路
南投縣,南投縣竹山鎮,新生路
南投縣,南投縣竹山鎮,東鄉路
南投縣,南投縣竹山鎮,東鄉路
南投縣,南投縣竹山鎮,林圯街
南投縣,南投縣竹山鎮,林圯街
南投縣,南投縣竹山鎮,江西路
南投縣,南投縣竹山鎮,江西路
南投縣,南投縣竹山鎮,環河路
南投縣,南投縣竹山鎮,環河路
南投縣,南投縣竹山鎮,田東路
南投縣,南投縣竹山鎮,田東路
南投縣,南投縣竹山鎮,竹山路
南投縣,南投縣竹山鎮,竹山路
南投縣,南投縣竹山鎮,育英路
南投縣,南投縣竹山鎮,育英路
南投縣,南投縣竹山鎮,自強六路
南投縣,南投縣竹山鎮,自強六路
南投縣,南投縣竹山鎮,自強路
南投縣,南投縣竹山鎮,自強路
南投縣,南投縣竹山鎮,菜園路
南投縣,南投縣竹山鎮,菜園路
南投縣,南投縣竹山鎮,集山路
南投縣,南投縣竹山鎮,集山路
南投縣,南投縣竹山鎮,雲林新村二路
南投縣,南投縣竹山鎮,雲林新村二路
南投縣,南投縣竹山鎮,頂橫街
南投縣,南投縣竹山鎮,頂橫街
南投縣,南投縣竹山鎮,鯉行路
南投縣,南投縣竹山鎮,鯉行路
南投縣,南投縣集集鎮,中山街
南投縣,南投縣集集鎮,中山街
南投縣,南投縣集集鎮,中集路
南投縣,南投縣集集鎮,中集路
南投縣,南投縣集集鎮,八張二街
南投縣,南投縣集集鎮,八張二街
南投縣,南投縣集集鎮,初中一街
南投縣,南投縣集集鎮,初中一街
南投縣,南投縣集集鎮,初中街
南投縣,南投縣集集鎮,初中街
南投縣,南投縣集集鎮,和平街
南投縣,南投縣集集鎮,和平街
南投縣,南投縣集集鎮,巿前街
南投縣,南投縣集集鎮,巿前街
南投縣,南投縣集集鎮,成功九街
南投縣,南投縣集集鎮,成功九街
南投縣,南投縣集集鎮,成功路
南投縣,南投縣集集鎮,成功路
南投縣,南投縣集集鎮,文化街
南投縣,南投縣集集鎮,文化街
南投縣,南投縣集集鎮,林尾一街
南投縣,南投縣集集鎮,林尾一街
南投縣,南投縣集集鎮,民權路
南投縣,南投縣集集鎮,民權路
南投縣,南投縣集集鎮,民生路
南投縣,南投縣集集鎮,民生路
南投縣,南投縣集集鎮,舘前路
南投縣,南投縣集集鎮,舘前路
南投縣,南投縣集集鎮,集賢街
南投縣,南投縣集集鎮,集賢街
南投縣,南投縣集集鎮,集鹿路
南投縣,南投縣集集鎮,集鹿路
南投縣,南投縣名間鄉,南田路
南投縣,南投縣名間鄉,南田路
南投縣,南投縣名間鄉,南雲路
南投縣,南投縣名間鄉,南雲路
南投縣,南投縣名間鄉,名松路
南投縣,南投縣名間鄉,名松路
南投縣,南投縣名間鄉,名竹路
南投縣,南投縣名間鄉,名竹路
南投縣,南投縣名間鄉,員集路
南投縣,南投縣名間鄉,員集路
南投縣,南投縣名間鄉,彰宰路
南投縣,南投縣名間鄉,彰宰路
南投縣,南投縣名間鄉,松嶺街
南投縣,南投縣名間鄉,松嶺街
南投縣,南投縣名間鄉,松柏路
南投縣,南投縣名間鄉,松柏路
南投縣,南投縣名間鄉,萬丹路
南投縣,南投縣名間鄉,萬丹路
南投縣,南投縣名間鄉,車站路
南投縣,南投縣名間鄉,車站路
南投縣,南投縣鹿谷鄉,中正一路
南投縣,南投縣鹿谷鄉,中正一路
南投縣,南投縣鹿谷鄉,仁義路
南投縣,南投縣鹿谷鄉,仁義路
南投縣,南投縣鹿谷鄉,六合街
南投縣,南投縣鹿谷鄉,六合街
南投縣,南投縣鹿谷鄉,興產路
南投縣,南投縣鹿谷鄉,興產路
南投縣,南投縣鹿谷鄉,鳳園路
南投縣,南投縣鹿谷鄉,鳳園路
南投縣,南投縣鹿谷鄉,麒麟路
南投縣,南投縣鹿谷鄉,麒麟路
南投縣,南投縣中寮鄉,永安街
南投縣,南投縣中寮鄉,永安街
南投縣,南投縣中寮鄉,永昌街
南投縣,南投縣中寮鄉,永昌街
南投縣,南投縣中寮鄉,永豐街
南投縣,南投縣中寮鄉,永豐街
南投縣,南投縣中寮鄉,龍南路
南投縣,南投縣中寮鄉,龍南路
南投縣,南投縣魚池鄉,中山路
南投縣,南投縣魚池鄉,中山路
南投縣,南投縣魚池鄉,中興路
南投縣,南投縣魚池鄉,中興路
南投縣,南投縣魚池鄉,名勝街
南投縣,南投縣魚池鄉,名勝街
南投縣,南投縣魚池鄉,德化街
南投縣,南投縣魚池鄉,德化街
南投縣,南投縣魚池鄉,日月街
南投縣,南投縣魚池鄉,日月街
南投縣,南投縣魚池鄉,水沙連街
南投縣,南投縣魚池鄉,水沙連街
南投縣,南投縣魚池鄉,瑪蓋旦街
南投縣,南投縣魚池鄉,瑪蓋旦街
南投縣,南投縣魚池鄉,義勇街
南投縣,南投縣魚池鄉,義勇街
南投縣,南投縣魚池鄉,魚池街
南投縣,南投縣魚池鄉,魚池街
南投縣,南投縣國姓鄉,中興路
南投縣,南投縣國姓鄉,中興路
南投縣,南投縣國姓鄉,南港路
南投縣,南投縣國姓鄉,南港路
南投縣,南投縣國姓鄉,大長路
南投縣,南投縣國姓鄉,大長路
南投縣,南投縣國姓鄉,建國街
南投縣,南投縣國姓鄉,建國街
南投縣,南投縣國姓鄉,民族街
南投縣,南投縣國姓鄉,民族街
南投縣,南投縣國姓鄉,永興街
南投縣,南投縣國姓鄉,永興街
南投縣,南投縣水里鄉,一廍路
南投縣,南投縣水里鄉,一廍路
南投縣,南投縣水里鄉,七賢二街
南投縣,南投縣水里鄉,七賢二街
南投縣,南投縣水里鄉,三十甲路
南投縣,南投縣水里鄉,三十甲路
南投縣,南投縣水里鄉,三部七路
南投縣,南投縣水里鄉,三部七路
南投縣,南投縣水里鄉,三部九路
南投縣,南投縣水里鄉,三部九路
南投縣,南投縣水里鄉,三部五路
南投縣,南投縣水里鄉,三部五路
南投縣,南投縣水里鄉,三部六路
南投縣,南投縣水里鄉,三部六路
南投縣,南投縣水里鄉,三部路
南投縣,南投縣水里鄉,三部路
南投縣,南投縣水里鄉,下埔路
南投縣,南投縣水里鄉,下埔路
南投縣,南投縣水里鄉,中富街
南投縣,南投縣水里鄉,中富街
南投縣,南投縣水里鄉,中山二街
南投縣,南投縣水里鄉,中山二街
南投縣,南投縣水里鄉,中山路
南投縣,南投縣水里鄉,中山路
南投縣,南投縣水里鄉,二坪路
南投縣,南投縣水里鄉,二坪路
南投縣,南投縣水里鄉,五福路
南投縣,南投縣水里鄉,五福路
南投縣,南投縣水里鄉,光復街
南投縣,南投縣水里鄉,光復街
南投縣,南投縣水里鄉,八德街
南投縣,南投縣水里鄉,八德街
南投縣,南投縣水里鄉,六合一街
南投縣,南投縣水里鄉,六合一街
南投縣,南投縣水里鄉,六合二街
南投縣,南投縣水里鄉,六合二街
南投縣,南投縣水里鄉,北埔街
南投縣,南投縣水里鄉,北埔街
南投縣,南投縣水里鄉,南光街
南投縣,南投縣水里鄉,南光街
南投縣,南投縣水里鄉,南湖一路
南投縣,南投縣水里鄉,南湖一路
南投縣,南投縣水里鄉,南湖二路
南投縣,南投縣水里鄉,南湖二路
南投縣,南投縣水里鄉,博愛路
南投縣,南投縣水里鄉,博愛路
南投縣,南投縣水里鄉,响崙路
南投縣,南投縣水里鄉,响崙路
南投縣,南投縣水里鄉,城安街
南投縣,南投縣水里鄉,城安街
南投縣,南投縣水里鄉,城福街
南投縣,南投縣水里鄉,城福街
南投縣,南投縣水里鄉,大灣路
南投縣,南投縣水里鄉,大灣路
南投縣,南投縣水里鄉,安田路
南投縣,南投縣水里鄉,安田路
南投縣,南投縣水里鄉,山櫻路
南投縣,南投縣水里鄉,山櫻路
南投縣,南投縣水里鄉,成功路
南投縣,南投縣水里鄉,成功路
南投縣,南投縣水里鄉,文明路
南投縣,南投縣水里鄉,文明路
南投縣,南投縣水里鄉,新南路
南投縣,南投縣水里鄉,新南路
南投縣,南投縣水里鄉,新安路
南投縣,南投縣水里鄉,新安路
南投縣,南投縣水里鄉,新龍路
南投縣,南投縣水里鄉,新龍路
南投縣,南投縣水里鄉,松柏路
南投縣,南投縣水里鄉,松柏路
南投縣,南投縣水里鄉,梧桐路
南投縣,南投縣水里鄉,梧桐路
南投縣,南投縣水里鄉,民和路
南投縣,南投縣水里鄉,民和路
南投縣,南投縣水里鄉,民族街
南投縣,南投縣水里鄉,民族街
南投縣,南投縣水里鄉,民權路
南投縣,南投縣水里鄉,民權路
南投縣,南投縣水里鄉,水信路
南投縣,南投縣水里鄉,水信路
南投縣,南投縣水里鄉,水里三路
南投縣,南投縣水里鄉,水里三路
南投縣,南投縣水里鄉,水里五路
南投縣,南投縣水里鄉,水里五路
南投縣,南投縣水里鄉,水里路
南投縣,南投縣水里鄉,水里路
南投縣,南投縣水里鄉,永安路
南投縣,南投縣水里鄉,永安路
南投縣,南投縣水里鄉,永豐一路
南投縣,南投縣水里鄉,永豐一路
南投縣,南投縣水里鄉,永豐二路
南投縣,南投縣水里鄉,永豐二路
南投縣,南投縣水里鄉,永順路
南投縣,南投縣水里鄉,永順路
南投縣,南投縣水里鄉,玉山街
南投縣,南投縣水里鄉,玉山街
南投縣,南投縣水里鄉,益則路
南投縣,南投縣水里鄉,益則路
南投縣,南投縣水里鄉,福和路
南投縣,南投縣水里鄉,福和路
南投縣,南投縣水里鄉,福田路
南投縣,南投縣水里鄉,福田路
南投縣,南投縣水里鄉,苗圃路
南投縣,南投縣水里鄉,苗圃路
南投縣,南投縣水里鄉,茄苳路
南投縣,南投縣水里鄉,茄苳路
南投縣,南投縣水里鄉,農富路
南投縣,南投縣水里鄉,農富路
南投縣,南投縣水里鄉,郡興路
南投縣,南投縣水里鄉,郡興路
南投縣,南投縣水里鄉,金龍路
南投縣,南投縣水里鄉,金龍路
南投縣,南投縣水里鄉,陽明路
南投縣,南投縣水里鄉,陽明路
南投縣,南投縣水里鄉,頂平路
南投縣,南投縣水里鄉,頂平路
南投縣,南投縣水里鄉,龍德路
南投縣,南投縣水里鄉,龍德路
南投縣,南投縣信義鄉,新鄉路
南投縣,南投縣信義鄉,新鄉路
南投縣,南投縣信義鄉,玉山路
南投縣,南投縣信義鄉,玉山路
南投縣,南投縣仁愛鄉,中華路
南投縣,南投縣仁愛鄉,中華路
南投縣,南投縣仁愛鄉,仁盛路
南投縣,南投縣仁愛鄉,仁盛路
南投縣,南投縣仁愛鄉,信義路
南投縣,南投縣仁愛鄉,信義路
南投縣,南投縣仁愛鄉,大安路
南投縣,南投縣仁愛鄉,大安路
南投縣,南投縣仁愛鄉,富貴街
南投縣,南投縣仁愛鄉,富貴街
南投縣,南投縣仁愛鄉,平生路
南投縣,南投縣仁愛鄉,平生路
南投縣,南投縣仁愛鄉,武安路
南投縣,南投縣仁愛鄉,武安路
南投縣,南投縣仁愛鄉,清風路
南投縣,南投縣仁愛鄉,清風路
南投縣,南投縣仁愛鄉,翠巒路
南投縣,南投縣仁愛鄉,翠巒路
南投縣,南投縣仁愛鄉,高平路
南投縣,南投縣仁愛鄉,高平路
