roadno,city,site_id,road
1,臺中市,臺中市中區,三民路
2,臺中市,臺中市中區,中正路
3,臺中市,臺中市中區,中華路
4,臺中市,臺中市中區,光復路
5,臺中市,臺中市中區,公園路
6,臺中市,臺中市中區,吉祥街
7,臺中市,臺中市中區,市府路
8,臺中市,臺中市中區,建國路
9,臺中市,臺中市中區,新民街
10,臺中市,臺中市中區,柳川西路
11,臺中市,臺中市中區,民權路
12,臺中市,臺中市中區,篤行路
13,臺中市,臺中市中區,綠川西街
14,臺中市,臺中市中區,自由路
15,臺中市,臺中市中區,興中街
16,臺中市,臺中市中區,雙十路
17,臺中市,臺中市東區,一心街
18,臺中市,臺中市東區,七中路
19,臺中市,臺中市東區,三賢街
20,臺中市,臺中市東區,互助街
21,臺中市,臺中市東區,仁和二街
22,臺中市,臺中市東區,信義街
23,臺中市,臺中市東區,公園東路
24,臺中市,臺中市東區,力行路
25,臺中市,臺中市東區,十勇街
26,臺中市,臺中市東區,十甲北一街
27,臺中市,臺中市東區,十甲北街
28,臺中市,臺中市東區,十甲東二街
29,臺中市,臺中市東區,十甲路
30,臺中市,臺中市東區,南京五街
31,臺中市,臺中市東區,南京四街
32,臺中市,臺中市東區,南京路
33,臺中市,臺中市東區,和平街
34,臺中市,臺中市東區,喬城三街
35,臺中市,臺中市東區,大公街
36,臺中市,臺中市東區,大振街
37,臺中市,臺中市東區,大智路
38,臺中市,臺中市東區,天乙街
39,臺中市,臺中市東區,富台街
40,臺中市,臺中市東區,富貴街
41,臺中市,臺中市東區,建中東街
42,臺中市,臺中市東區,建仁街
43,臺中市,臺中市東區,建勇東街
44,臺中市,臺中市東區,建國路
45,臺中市,臺中市東區,建德路
46,臺中市,臺中市東區,建新街
47,臺中市,臺中市東區,建興街
48,臺中市,臺中市東區,復興路
49,臺中市,臺中市東區,德興二街
50,臺中市,臺中市東區,振福路
51,臺中市,臺中市東區,新民街
52,臺中市,臺中市東區,早溪街
53,臺中市,臺中市東區,旱溪三街
54,臺中市,臺中市東區,旱溪五街
55,臺中市,臺中市東區,旱溪東路
56,臺中市,臺中市東區,旱溪西路
57,臺中市,臺中市東區,東光園路
58,臺中市,臺中市東區,東南街
59,臺中市,臺中市東區,東學街
60,臺中市,臺中市東區,東府街
61,臺中市,臺中市東區,東福一街
62,臺中市,臺中市東區,東福路
63,臺中市,臺中市東區,東義街
64,臺中市,臺中市東區,東英七街
65,臺中市,臺中市東區,東英九街
66,臺中市,臺中市東區,東英五街
67,臺中市,臺中市東區,東英六街
68,臺中市,臺中市東區,東英十七街
69,臺中市,臺中市東區,東英十二街
70,臺中市,臺中市東區,東英十六街
71,臺中市,臺中市東區,東英路
72,臺中市,臺中市東區,東門路
73,臺中市,臺中市東區,樂業二路
74,臺中市,臺中市東區,樂業東三街
75,臺中市,臺中市東區,樂業路
76,臺中市,臺中市東區,永明街
77,臺中市,臺中市東區,玉皇街
78,臺中市,臺中市東區,福仁街
79,臺中市,臺中市東區,福成街
80,臺中市,臺中市東區,福智街
81,臺中市,臺中市東區,立德東街
82,臺中市,臺中市東區,精武東路
83,臺中市,臺中市東區,練武路
84,臺中市,臺中市東區,自強南街
85,臺中市,臺中市東區,自强南街
86,臺中市,臺中市東區,自由二街
87,臺中市,臺中市東區,興大路
88,臺中市,臺中市東區,進德北路
89,臺中市,臺中市東區,鐵路街
90,臺中市,臺中市東區,長福路
91,臺中市,臺中市東區,龍安街
92,臺中市,臺中市南區,三民路
93,臺中市,臺中市南區,五權南路
94,臺中市,臺中市南區,仁和二街
95,臺中市,臺中市南區,仁德街
96,臺中市,臺中市南區,信義南街
97,臺中市,臺中市南區,光輝一街
98,臺中市,臺中市南區,公理街
99,臺中市,臺中市南區,南和二街
100,臺中市,臺中市南區,南屯路
101,臺中市,臺中市南區,南平路
102,臺中市,臺中市南區,南門路
103,臺中市,臺中市南區,台中路
104,臺中市,臺中市南區,和平街
105,臺中市,臺中市南區,國光路
106,臺中市,臺中市南區,大慶街
107,臺中市,臺中市南區,崇倫北街
108,臺中市,臺中市南區,工學一街
109,臺中市,臺中市南區,工學二街
110,臺中市,臺中市南區,工學六街
111,臺中市,臺中市南區,工學路
112,臺中市,臺中市南區,建國北路
113,臺中市,臺中市南區,建成路
114,臺中市,臺中市南區,復興北路
115,臺中市,臺中市南區,復興路
116,臺中市,臺中市南區,德富路
117,臺中市,臺中市南區,德鑫街
118,臺中市,臺中市南區,忠明南路
119,臺中市,臺中市南區,懷寧街
120,臺中市,臺中市南區,文心南路
121,臺中市,臺中市南區,新和街
122,臺中市,臺中市南區,新華街
123,臺中市,臺中市南區,有恒街
124,臺中市,臺中市南區,柳川東路
125,臺中市,臺中市南區,樹義一街
126,臺中市,臺中市南區,樹義五街
127,臺中市,臺中市南區,正氣街
128,臺中市,臺中市南區,民意街
129,臺中市,臺中市南區,民興街
130,臺中市,臺中市南區,永和一街
131,臺中市,臺中市南區,永東街
132,臺中市,臺中市南區,瑞光街
133,臺中市,臺中市南區,福中街
134,臺中市,臺中市南區,福和街
135,臺中市,臺中市南區,福德街
136,臺中市,臺中市南區,福東街
137,臺中市,臺中市南區,福田三街
138,臺中市,臺中市南區,福田五街
139,臺中市,臺中市南區,福義路
140,臺中市,臺中市南區,美和街
141,臺中市,臺中市南區,美村路
142,臺中市,臺中市南區,西川一路
143,臺中市,臺中市南區,高工二街
144,臺中市,臺中市南區,高工路
145,臺中市,臺中市西區,三民西路
146,臺中市,臺中市西區,中山路
147,臺中市,臺中市西區,中華路
148,臺中市,臺中市西區,五廊街
149,臺中市,臺中市西區,五權七街
150,臺中市,臺中市西區,五權二街
151,臺中市,臺中市西區,五權八街
152,臺中市,臺中市西區,五權四街
153,臺中市,臺中市西區,五權西三街
154,臺中市,臺中市西區,五權西五街
155,臺中市,臺中市西區,五權西四街
156,臺中市,臺中市西區,五權路
157,臺中市,臺中市西區,健行路
158,臺中市,臺中市西區,公益北街
159,臺中市,臺中市西區,公舘路
160,臺中市,臺中市西區,博館一街
161,臺中市,臺中市西區,博館二街
162,臺中市,臺中市西區,向上一街
163,臺中市,臺中市西區,向上北路
164,臺中市,臺中市西區,向上路
165,臺中市,臺中市西區,均安街
166,臺中市,臺中市西區,大全街
167,臺中市,臺中市西區,大和路
168,臺中市,臺中市西區,大墩十一街
169,臺中市,臺中市西區,大墩十二街
170,臺中市,臺中市西區,大墩路
171,臺中市,臺中市西區,大忠街
172,臺中市,臺中市西區,大昌街
173,臺中市,臺中市西區,大業北路
174,臺中市,臺中市西區,大華街
175,臺中市,臺中市西區,大隆路
176,臺中市,臺中市西區,存中街
177,臺中市,臺中市西區,市府路
178,臺中市,臺中市西區,康樂街
179,臺中市,臺中市西區,建國路
180,臺中市,臺中市西區,忠仁街
181,臺中市,臺中市西區,忠勤街
182,臺中市,臺中市西區,忠明路
183,臺中市,臺中市西區,忠誠街
184,臺中市,臺中市西區,成功路
185,臺中市,臺中市西區,新生街
186,臺中市,臺中市西區,日盛街
187,臺中市,臺中市西區,日進街
188,臺中市,臺中市西區,明智街
189,臺中市,臺中市西區,明義街
190,臺中市,臺中市西區,東興路
191,臺中市,臺中市西區,柳川東路
192,臺中市,臺中市西區,梅亭街
193,臺中市,臺中市西區,梅川西路
194,臺中市,臺中市西區,模範街
195,臺中市,臺中市西區,民族路
196,臺中市,臺中市西區,民生北路
197,臺中市,臺中市西區,民興街
198,臺中市,臺中市西區,永成街
199,臺中市,臺中市西區,法院前街
200,臺中市,臺中市西區,福龍街
201,臺中市,臺中市西區,篤行路
202,臺中市,臺中市西區,精明一街
203,臺中市,臺中市西區,精美街
204,臺中市,臺中市西區,精誠七街
205,臺中市,臺中市西區,精誠三十街
206,臺中市,臺中市西區,精誠九街
207,臺中市,臺中市西區,精誠二十七街
208,臺中市,臺中市西區,精誠二十九街
209,臺中市,臺中市西區,精誠二十五街
210,臺中市,臺中市西區,精誠二十四街
211,臺中市,臺中市西區,精誠二街
212,臺中市,臺中市西區,精誠八街
213,臺中市,臺中市西區,精誠十一街
214,臺中市,臺中市西區,精誠十三街
215,臺中市,臺中市西區,精誠十二街
216,臺中市,臺中市西區,精誠十八街
217,臺中市,臺中市西區,精誠十四街
218,臺中市,臺中市西區,精誠四街
219,臺中市,臺中市西區,綠川西街
220,臺中市,臺中市西區,美村路
221,臺中市,臺中市西區,自由路
222,臺中市,臺中市西區,英才路
223,臺中市,臺中市西區,華美西街
224,臺中市,臺中市西區,貴和街
225,臺中市,臺中市西區,長春街
226,臺中市,臺中市北區,一中街
227,臺中市,臺中市北區,中央街
228,臺中市,臺中市北區,中正路
229,臺中市,臺中市北區,中華西街
230,臺中市,臺中市北區,中達街
231,臺中市,臺中市北區,五權路
232,臺中市,臺中市北區,五順街
233,臺中市,臺中市北區,健行路
234,臺中市,臺中市北區,公園路
235,臺中市,臺中市北區,北屯路
236,臺中市,臺中市北區,北平三街
237,臺中市,臺中市北區,北平四街
238,臺中市,臺中市北區,北興街
239,臺中市,臺中市北區,博館一街
240,臺中市,臺中市北區,博館東街
241,臺中市,臺中市北區,原子街
242,臺中市,臺中市北區,國強街
243,臺中市,臺中市北區,國瑞街
244,臺中市,臺中市北區,國𧯽街
245,臺中市,臺中市北區,大德街
246,臺中市,臺中市北區,大義街
247,臺中市,臺中市北區,天津一街
248,臺中市,臺中市北區,天祥街
249,臺中市,臺中市北區,太原七街
250,臺中市,臺中市北區,太原九街
251,臺中市,臺中市北區,太原五街
252,臺中市,臺中市北區,太原六街
253,臺中市,臺中市北區,太原南一街
254,臺中市,臺中市北區,太原南二街
255,臺中市,臺中市北區,太原路
256,臺中市,臺中市北區,太平路
257,臺中市,臺中市北區,富強街
258,臺中市,臺中市北區,尊賢路
259,臺中市,臺中市北區,尚德街
260,臺中市,臺中市北區,崇德路
261,臺中市,臺中市北區,德化街
262,臺中市,臺中市北區,忠太西路
263,臺中市,臺中市北區,忠明三街
264,臺中市,臺中市北區,忠明五街
265,臺中市,臺中市北區,忠明六街
266,臺中市,臺中市北區,忠明路
267,臺中市,臺中市北區,文化街
268,臺中市,臺中市北區,文昌一街
269,臺中市,臺中市北區,文昌東三街
270,臺中市,臺中市北區,文武街
271,臺中市,臺中市北區,文祥路
272,臺中市,臺中市北區,日興街
273,臺中市,臺中市北區,日進路
274,臺中市,臺中市北區,東光七街
275,臺中市,臺中市北區,東光二街
276,臺中市,臺中市北區,東光八街
277,臺中市,臺中市北區,東光東街
278,臺中市,臺中市北區,東成一街
279,臺中市,臺中市北區,東成二街
280,臺中市,臺中市北區,東漢街
281,臺中市,臺中市北區,柳川西路
282,臺中市,臺中市北區,梅亭東街
283,臺中市,臺中市北區,梅川東路
284,臺中市,臺中市北區,梅豐街
285,臺中市,臺中市北區,武昌南街
286,臺中市,臺中市北區,武漢街
287,臺中市,臺中市北區,民權路
288,臺中市,臺中市北區,永定一街
289,臺中市,臺中市北區,永達街
290,臺中市,臺中市北區,湘北街
291,臺中市,臺中市北區,漢口南二街
292,臺中市,臺中市北區,漢陽街
293,臺中市,臺中市北區,瑞祥街
294,臺中市,臺中市北區,福壽街
295,臺中市,臺中市北區,福龍街
296,臺中市,臺中市北區,篤行路
297,臺中市,臺中市北區,綏遠路
298,臺中市,臺中市北區,育強街
299,臺中市,臺中市北區,育才北路
300,臺中市,臺中市北區,育才街
301,臺中市,臺中市北區,育祥街
302,臺中市,臺中市北區,育隆路
303,臺中市,臺中市北區,自強街
304,臺中市,臺中市北區,自由路
305,臺中市,臺中市北區,興進路
306,臺中市,臺中市北區,英才路
307,臺中市,臺中市北區,華信街
308,臺中市,臺中市北區,華美街
309,臺中市,臺中市北區,華貴街
310,臺中市,臺中市北區,衛道一街
311,臺中市,臺中市北區,衛道三街
312,臺中市,臺中市北區,衛道五街
313,臺中市,臺中市北區,衛道六街
314,臺中市,臺中市北區,衛道路
315,臺中市,臺中市北區,西屯路
316,臺中市,臺中市北區,進化北路
317,臺中市,臺中市北區,進北北路
318,臺中市,臺中市北區,進興路
319,臺中市,臺中市北區,錦中街
320,臺中市,臺中市北區,錦平北街
321,臺中市,臺中市北區,錦新街
322,臺中市,臺中市北區,錦祥街
323,臺中市,臺中市北區,陜西路
324,臺中市,臺中市北區,陝西七街
325,臺中市,臺中市北區,陝西二街
326,臺中市,臺中市北區,陝西八街
327,臺中市,臺中市北區,陝西四街
328,臺中市,臺中市北區,陝西東三街
329,臺中市,臺中市北區,陝西東五街
330,臺中市,臺中市北區,陝西路
331,臺中市,臺中市北區,電台街
332,臺中市,臺中市北區,青島東街
333,臺中市,臺中市北區,青島路
334,臺中市,臺中市西屯區,上墩東街
335,臺中市,臺中市西屯區,上墩路
336,臺中市,臺中市西屯區,上安路
337,臺中市,臺中市西屯區,上明三街
338,臺中市,臺中市西屯區,上石路
339,臺中市,臺中市西屯區,中工二路
340,臺中市,臺中市西屯區,中平路
341,臺中市,臺中市西屯區,中康三街
342,臺中市,臺中市西屯區,中康街
343,臺中市,臺中市西屯區,中清路
344,臺中市,臺中市西屯區,何厝東一街
345,臺中市,臺中市西屯區,何厝街
346,臺中市,臺中市西屯區,僑大一街
347,臺中市,臺中市西屯區,僑大六路
348,臺中市,臺中市西屯區,光明路
349,臺中市,臺中市西屯區,凱旋路
350,臺中市,臺中市西屯區,四川三街
351,臺中市,臺中市西屯區,四川五街
352,臺中市,臺中市西屯區,四川西一街
353,臺中市,臺中市西屯區,四川路
354,臺中市,臺中市西屯區,國安二路
355,臺中市,臺中市西屯區,國際街
356,臺中市,臺中市西屯區,大墩二十街
357,臺中市,臺中市西屯區,大墩十九街
358,臺中市,臺中市西屯區,大墩路
359,臺中市,臺中市西屯區,大安西街
360,臺中市,臺中市西屯區,大容東街
361,臺中市,臺中市西屯區,大弘一街
362,臺中市,臺中市西屯區,大弘二街
363,臺中市,臺中市西屯區,大弘六街
364,臺中市,臺中市西屯區,大弘街
365,臺中市,臺中市西屯區,大有一街
366,臺中市,臺中市西屯區,大有二街
367,臺中市,臺中市西屯區,大有東街
368,臺中市,臺中市西屯區,大有西街
369,臺中市,臺中市西屯區,大洲街
370,臺中市,臺中市西屯區,大聖街
371,臺中市,臺中市西屯區,大隆路
372,臺中市,臺中市西屯區,天保街
373,臺中市,臺中市西屯區,天水中街
374,臺中市,臺中市西屯區,天水東二街
375,臺中市,臺中市西屯區,天水西一街
376,臺中市,臺中市西屯區,天水西二街
377,臺中市,臺中市西屯區,天水西六街
378,臺中市,臺中市西屯區,天水西街
379,臺中市,臺中市西屯區,安和一街
380,臺中市,臺中市西屯區,安和二街
381,臺中市,臺中市西屯區,安和西路
382,臺中市,臺中市西屯區,安林路
383,臺中市,臺中市西屯區,寧夏東七街
384,臺中市,臺中市西屯區,寧夏東二街
385,臺中市,臺中市西屯區,寧夏東八街
386,臺中市,臺中市西屯區,寧夏東四街
387,臺中市,臺中市西屯區,寧夏西七街
388,臺中市,臺中市西屯區,寧夏西二街
389,臺中市,臺中市西屯區,寧夏路
390,臺中市,臺中市西屯區,寧漢三街
391,臺中市,臺中市西屯區,寧漢街
392,臺中市,臺中市西屯區,崇義街
393,臺中市,臺中市西屯區,工業區七路
394,臺中市,臺中市西屯區,工業區三十七路
395,臺中市,臺中市西屯區,工業區三十九路
396,臺中市,臺中市西屯區,工業區三十五路
397,臺中市,臺中市西屯區,工業區三十六路
398,臺中市,臺中市西屯區,工業區三十路
399,臺中市,臺中市西屯區,工業區九路
400,臺中市,臺中市西屯區,工業區二十九路
401,臺中市,臺中市西屯區,工業區二路
402,臺中市,臺中市西屯區,工業區八路
403,臺中市,臺中市西屯區,工業區十一路
404,臺中市,臺中市西屯區,工業區十三路
405,臺中市,臺中市西屯區,工業區十五路
406,臺中市,臺中市西屯區,工業區十四路
407,臺中市,臺中市西屯區,工業區四十一路
408,臺中市,臺中市西屯區,工業區四十路
409,臺中市,臺中市西屯區,市政北一路
410,臺中市,臺中市西屯區,市政北三路
411,臺中市,臺中市西屯區,市政北五路
412,臺中市,臺中市西屯區,市政南一路
413,臺中市,臺中市西屯區,市政路
414,臺中市,臺中市西屯區,廣吉一街
415,臺中市,臺中市西屯區,廣福路
416,臺中市,臺中市西屯區,忠義街
417,臺中市,臺中市西屯區,惠中七街
418,臺中市,臺中市西屯區,惠中二街
419,臺中市,臺中市西屯區,惠中路
420,臺中市,臺中市西屯區,惠文一街
421,臺中市,臺中市西屯區,惠文三街
422,臺中市,臺中市西屯區,惠文五街
423,臺中市,臺中市西屯區,惠民路
424,臺中市,臺中市西屯區,成都路
425,臺中市,臺中市西屯區,敬德街
426,臺中市,臺中市西屯區,文心一路
427,臺中市,臺中市西屯區,文心路
428,臺中市,臺中市西屯區,新科路
429,臺中市,臺中市西屯區,朝富一街
430,臺中市,臺中市西屯區,朝富二街
431,臺中市,臺中市西屯區,朝富路
432,臺中市,臺中市西屯區,朝貴路
433,臺中市,臺中市西屯區,朝馬七街
434,臺中市,臺中市西屯區,朝馬二街
435,臺中市,臺中市西屯區,朝馬六街
436,臺中市,臺中市西屯區,杏林路
437,臺中市,臺中市西屯區,東海街
438,臺中市,臺中市西屯區,東興路
439,臺中市,臺中市西屯區,櫻城三街
440,臺中市,臺中市西屯區,櫻城五街
441,臺中市,臺中市西屯區,櫻花路
442,臺中市,臺中市西屯區,永昌一街
443,臺中市,臺中市西屯區,永昌二街
444,臺中市,臺中市西屯區,永福路
445,臺中市,臺中市西屯區,河南東一街
446,臺中市,臺中市西屯區,河南東二街
447,臺中市,臺中市西屯區,河南東四街
448,臺中市,臺中市西屯區,洛陽南街
449,臺中市,臺中市西屯區,洛陽路
450,臺中市,臺中市西屯區,漢口路
451,臺中市,臺中市西屯區,漢成七街
452,臺中市,臺中市西屯區,漢成二街
453,臺中市,臺中市西屯區,漢成六街
454,臺中市,臺中市西屯區,漢成街
455,臺中市,臺中市西屯區,漢翔路
456,臺中市,臺中市西屯區,玉寶路
457,臺中市,臺中市西屯區,玉門路
458,臺中市,臺中市西屯區,環河路
459,臺中市,臺中市西屯區,甘州二街
460,臺中市,臺中市西屯區,甘州六街
461,臺中市,臺中市西屯區,甘州街
462,臺中市,臺中市西屯區,甘肅路
463,臺中市,臺中市西屯區,皇福街
464,臺中市,臺中市西屯區,福中一街
465,臺中市,臺中市西屯區,福中三街
466,臺中市,臺中市西屯區,福中二街
467,臺中市,臺中市西屯區,福中八街
468,臺中市,臺中市西屯區,福中十一街
469,臺中市,臺中市西屯區,福中十五街
470,臺中市,臺中市西屯區,福中十街
471,臺中市,臺中市西屯區,福安一街
472,臺中市,臺中市西屯區,福安三街
473,臺中市,臺中市西屯區,福安二街
474,臺中市,臺中市西屯區,福安八街
475,臺中市,臺中市西屯區,福安十一街
476,臺中市,臺中市西屯區,福安路
477,臺中市,臺中市西屯區,福康路
478,臺中市,臺中市西屯區,福星北一街
479,臺中市,臺中市西屯區,福星北二街
480,臺中市,臺中市西屯區,福星西路
481,臺中市,臺中市西屯區,福林路
482,臺中市,臺中市西屯區,福泰街
483,臺中市,臺中市西屯區,福玄路
484,臺中市,臺中市西屯區,福祥街
485,臺中市,臺中市西屯區,福科二路
486,臺中市,臺中市西屯區,福聯街
487,臺中市,臺中市西屯區,福誠路
488,臺中市,臺中市西屯區,福順路
489,臺中市,臺中市西屯區,科園三路
490,臺中市,臺中市西屯區,科園路
491,臺中市,臺中市西屯區,科雅路
492,臺中市,臺中市西屯區,筏堤西街
493,臺中市,臺中市西屯區,精明二街
494,臺中市,臺中市西屯區,精誠路
495,臺中市,臺中市西屯區,經貿七路
496,臺中市,臺中市西屯區,經貿五路
497,臺中市,臺中市西屯區,經貿十一街
498,臺中市,臺中市西屯區,美滿街
499,臺中市,臺中市西屯區,至善路
500,臺中市,臺中市西屯區,華美西街
501,臺中市,臺中市西屯區,西屯路
502,臺中市,臺中市西屯區,西苑一街
503,臺中市,臺中市西屯區,西苑二街
504,臺中市,臺中市西屯區,逢大路
505,臺中市,臺中市西屯區,逢甲路
506,臺中市,臺中市西屯區,重慶路
507,臺中市,臺中市西屯區,青海南街
508,臺中市,臺中市西屯區,順和一街
509,臺中市,臺中市西屯區,順和三街
510,臺中市,臺中市西屯區,順和二街
511,臺中市,臺中市西屯區,順和八街
512,臺中市,臺中市西屯區,順平一街
513,臺中市,臺中市西屯區,馬龍潭路
514,臺中市,臺中市西屯區,龍吉街
515,臺中市,臺中市西屯區,龍富二十一街
516,臺中市,臺中市西屯區,龍富二十路
517,臺中市,臺中市西屯區,龍德路
518,臺中市,臺中市西屯區,龍聖路
519,臺中市,臺中市西屯區,龍門二街
520,臺中市,臺中市南屯區,三厝街
521,臺中市,臺中市南屯區,三民西路
522,臺中市,臺中市南屯區,五權西路
523,臺中市,臺中市南屯區,京展街
524,臺中市,臺中市南屯區,保安七街
525,臺中市,臺中市南屯區,保安九街
526,臺中市,臺中市南屯區,保安五街
527,臺中市,臺中市南屯區,保安六街
528,臺中市,臺中市南屯區,公益路
529,臺中市,臺中市南屯區,南屯路
530,臺中市,臺中市南屯區,博愛街
531,臺中市,臺中市南屯區,向上南路
532,臺中市,臺中市南屯區,向學路
533,臺中市,臺中市南屯區,向心路
534,臺中市,臺中市南屯區,大光街
535,臺中市,臺中市南屯區,大墩一街
536,臺中市,臺中市南屯區,大墩三街
537,臺中市,臺中市南屯區,大墩二街
538,臺中市,臺中市南屯區,大墩八街
539,臺中市,臺中市南屯區,大墩十一街
540,臺中市,臺中市南屯區,大墩十三街
541,臺中市,臺中市南屯區,大墩十五街
542,臺中市,臺中市南屯區,大墩十六街
543,臺中市,臺中市南屯區,大墩十街
544,臺中市,臺中市南屯區,大墩四街
545,臺中市,臺中市南屯區,大墩西一街
546,臺中市,臺中市南屯區,大墩路
547,臺中市,臺中市南屯區,大容西街
548,臺中市,臺中市南屯區,大川街
549,臺中市,臺中市南屯區,大昌街
550,臺中市,臺中市南屯區,大正街
551,臺中市,臺中市南屯區,大聖街
552,臺中市,臺中市南屯區,大英街
553,臺中市,臺中市南屯區,大英西二街
554,臺中市,臺中市南屯區,大通街
555,臺中市,臺中市南屯區,大進西街
556,臺中市,臺中市南屯區,寶山一街
557,臺中市,臺中市南屯區,寶山二街
558,臺中市,臺中市南屯區,寶山六街
559,臺中市,臺中市南屯區,寶山東二街
560,臺中市,臺中市南屯區,嶺東南路
561,臺中市,臺中市南屯區,工業區二十一路
562,臺中市,臺中市南屯區,工業區二十三路
563,臺中市,臺中市南屯區,工業區二十五路
564,臺中市,臺中市南屯區,工業區二十四路
565,臺中市,臺中市南屯區,工業區十九路
566,臺中市,臺中市南屯區,市政南一路
567,臺中市,臺中市南屯區,干城街
568,臺中市,臺中市南屯區,建國北路
569,臺中市,臺中市南屯區,建興路
570,臺中市,臺中市南屯區,惠中路
571,臺中市,臺中市南屯區,惠弘街
572,臺中市,臺中市南屯區,惠心街
573,臺中市,臺中市南屯區,惠文六街
574,臺中市,臺中市南屯區,惠文路
575,臺中市,臺中市南屯區,文山一街
576,臺中市,臺中市南屯區,文山九街
577,臺中市,臺中市南屯區,文山五街
578,臺中市,臺中市南屯區,文山十一街
579,臺中市,臺中市南屯區,文山路
580,臺中市,臺中市南屯區,文心南一路
581,臺中市,臺中市南屯區,文心南三路
582,臺中市,臺中市南屯區,文心南二路
583,臺中市,臺中市南屯區,文心南六路
584,臺中市,臺中市南屯區,文心路
585,臺中市,臺中市南屯區,新富一街
586,臺中市,臺中市南屯區,新富二街
587,臺中市,臺中市南屯區,新富路
588,臺中市,臺中市南屯區,新鎮和路
589,臺中市,臺中市南屯區,春安二街
590,臺中市,臺中市南屯區,東興東街
591,臺中市,臺中市南屯區,東興路
592,臺中市,臺中市南屯區,楓平路
593,臺中市,臺中市南屯區,楓樹二街
594,臺中市,臺中市南屯區,楓樹南街
595,臺中市,臺中市南屯區,楓樹東街
596,臺中市,臺中市南屯區,楓樹西街
597,臺中市,臺中市南屯區,永平路
598,臺中市,臺中市南屯區,永春北路
599,臺中市,臺中市南屯區,永春東一路
600,臺中市,臺中市南屯區,永春東三路
601,臺中市,臺中市南屯區,永春東路
602,臺中市,臺中市南屯區,江和街
603,臺中市,臺中市南屯區,海德街
604,臺中市,臺中市南屯區,環中路
605,臺中市,臺中市南屯區,益文三街
606,臺中市,臺中市南屯區,益昌一街
607,臺中市,臺中市南屯區,益昌二街
608,臺中市,臺中市南屯區,益昌六街
609,臺中市,臺中市南屯區,益豐西街
610,臺中市,臺中市南屯區,筏子東街
611,臺中市,臺中市南屯區,精科七路
612,臺中市,臺中市南屯區,精科中一路
613,臺中市,臺中市南屯區,精科中路
614,臺中市,臺中市南屯區,精科五路
615,臺中市,臺中市南屯區,精科六路
616,臺中市,臺中市南屯區,精科南路
617,臺中市,臺中市南屯區,精科路
618,臺中市,臺中市南屯區,精誠路
619,臺中市,臺中市南屯區,聖王街
620,臺中市,臺中市南屯區,萬安街
621,臺中市,臺中市南屯區,豐偉路
622,臺中市,臺中市南屯區,豐安街
623,臺中市,臺中市南屯區,豐昌街
624,臺中市,臺中市南屯區,遊園路
625,臺中市,臺中市南屯區,馬龍潭路
626,臺中市,臺中市南屯區,黎明路
627,臺中市,臺中市南屯區,龍富十一街
628,臺中市,臺中市南屯區,龍富十三街
629,臺中市,臺中市南屯區,龍富十二街
630,臺中市,臺中市南屯區,龍富十八路
631,臺中市,臺中市南屯區,龍富十路
632,臺中市,臺中市南屯區,龍德路
633,臺中市,臺中市北屯區,一新二街
634,臺中市,臺中市北屯區,三光二街
635,臺中市,臺中市北屯區,三光北二街
636,臺中市,臺中市北屯區,三甲北街
637,臺中市,臺中市北屯區,三甲路
638,臺中市,臺中市北屯區,中康街
639,臺中市,臺中市北屯區,中清東一街
640,臺中市,臺中市北屯區,中清西一街
641,臺中市,臺中市北屯區,中清路
642,臺中市,臺中市北屯區,九龍街
643,臺中市,臺中市北屯區,修齊街
644,臺中市,臺中市北屯區,北屯路
645,臺中市,臺中市北屯區,北新路
646,臺中市,臺中市北屯區,北興街
647,臺中市,臺中市北屯區,南京東路
648,臺中市,臺中市北屯區,南興三路
649,臺中市,臺中市北屯區,南興北一路
650,臺中市,臺中市北屯區,南興園路
651,臺中市,臺中市北屯區,南興東二街
652,臺中市,臺中市北屯區,南興路
653,臺中市,臺中市北屯區,同榮一街
654,臺中市,臺中市北屯區,同榮路
655,臺中市,臺中市北屯區,后庄一街
656,臺中市,臺中市北屯區,后庄三街
657,臺中市,臺中市北屯區,后庄五街
658,臺中市,臺中市北屯區,后庄北路
659,臺中市,臺中市北屯區,和祥一街
660,臺中市,臺中市北屯區,和祥三街
661,臺中市,臺中市北屯區,和祥五街
662,臺中市,臺中市北屯區,和祥街
663,臺中市,臺中市北屯區,和福路
664,臺中市,臺中市北屯區,和順三街
665,臺中市,臺中市北屯區,和順路
666,臺中市,臺中市北屯區,國強街
667,臺中市,臺中市北屯區,大富路
668,臺中市,臺中市北屯區,大連西路
669,臺中市,臺中市北屯區,大鵬路
670,臺中市,臺中市北屯區,天祥街
671,臺中市,臺中市北屯區,太和一街
672,臺中市,臺中市北屯區,太和二街
673,臺中市,臺中市北屯區,太和六街
674,臺中市,臺中市北屯區,太和路
675,臺中市,臺中市北屯區,太安中街
676,臺中市,臺中市北屯區,太祥一街
677,臺中市,臺中市北屯區,太祥二街
678,臺中市,臺中市北屯區,太祥西街
679,臺中市,臺中市北屯區,太順一街
680,臺中市,臺中市北屯區,太順二街
681,臺中市,臺中市北屯區,太順東街
682,臺中市,臺中市北屯區,安順一街
683,臺中市,臺中市北屯區,安順二街
684,臺中市,臺中市北屯區,安順北二街
685,臺中市,臺中市北屯區,安順東一街
686,臺中市,臺中市北屯區,安順東三街
687,臺中市,臺中市北屯區,安順東二街
688,臺中市,臺中市北屯區,安順東八街
689,臺中市,臺中市北屯區,安順東十街
690,臺中市,臺中市北屯區,山西中街
691,臺中市,臺中市北屯區,山西北二街
692,臺中市,臺中市北屯區,山西南二街
693,臺中市,臺中市北屯區,崇仁街
694,臺中市,臺中市北屯區,崇德七路
695,臺中市,臺中市北屯區,崇德九路
696,臺中市,臺中市北屯區,崇德五路
697,臺中市,臺中市北屯區,崇德六路
698,臺中市,臺中市北屯區,崇德十七路
699,臺中市,臺中市北屯區,崇德十二路
700,臺中市,臺中市北屯區,崇德十八路
701,臺中市,臺中市北屯區,崇德十路
702,臺中市,臺中市北屯區,崇文街
703,臺中市,臺中市北屯區,崇興路
704,臺中市,臺中市北屯區,平興街
705,臺中市,臺中市北屯區,廍子路
706,臺中市,臺中市北屯區,建平街
707,臺中市,臺中市北屯區,建軍二街
708,臺中市,臺中市北屯區,敦化一街
709,臺中市,臺中市北屯區,敦富一街
710,臺中市,臺中市北屯區,敦富二街
711,臺中市,臺中市北屯區,敦富六街
712,臺中市,臺中市北屯區,敦富十二街
713,臺中市,臺中市北屯區,敦富東街
714,臺中市,臺中市北屯區,敦平二街
715,臺中市,臺中市北屯區,文昌三街
716,臺中市,臺中市北屯區,文昌東七街
717,臺中市,臺中市北屯區,文昌東九街
718,臺中市,臺中市北屯區,文昌東八街
719,臺中市,臺中市北屯區,文昌東十一街
720,臺中市,臺中市北屯區,文昌東十街
721,臺中市,臺中市北屯區,文昌東四街
722,臺中市,臺中市北屯區,新興路
723,臺中市,臺中市北屯區,旱溪東路
724,臺中市,臺中市北屯區,昌平一街
725,臺中市,臺中市北屯區,昌平二街
726,臺中市,臺中市北屯區,昌平四街
727,臺中市,臺中市北屯區,昌平東七路
728,臺中市,臺中市北屯區,昌平東二路
729,臺中市,臺中市北屯區,昌平東八路
730,臺中市,臺中市北屯區,昌平路
731,臺中市,臺中市北屯區,景和東街
732,臺中市,臺中市北屯區,景賢三路
733,臺中市,臺中市北屯區,景賢二路
734,臺中市,臺中市北屯區,景賢八路
735,臺中市,臺中市北屯區,景賢北街
736,臺中市,臺中市北屯區,景賢南一路
737,臺中市,臺中市北屯區,景賢路
738,臺中市,臺中市北屯區,東山路
739,臺中市,臺中市北屯區,松安街
740,臺中市,臺中市北屯區,松文街
741,臺中市,臺中市北屯區,松竹三路
742,臺中市,臺中市北屯區,松竹五路
743,臺中市,臺中市北屯區,松竹北二街
744,臺中市,臺中市北屯區,松竹南街
745,臺中市,臺中市北屯區,松義街
746,臺中市,臺中市北屯區,柳陽東街
747,臺中市,臺中市北屯區,梅川北街
748,臺中市,臺中市北屯區,梅川東路
749,臺中市,臺中市北屯區,樹孝路
750,臺中市,臺中市北屯區,正道街
751,臺中市,臺中市北屯區,水湳路
752,臺中市,臺中市北屯區,江興街
753,臺中市,臺中市北屯區,河北三街
754,臺中市,臺中市北屯區,河北東街
755,臺中市,臺中市北屯區,河北路
756,臺中市,臺中市北屯區,瀋陽北路
757,臺中市,臺中市北屯區,熱河路
758,臺中市,臺中市北屯區,環中路
759,臺中市,臺中市北屯區,益華街
760,臺中市,臺中市北屯區,祥順一街
761,臺中市,臺中市北屯區,祥順三街
762,臺中市,臺中市北屯區,祥順二路
763,臺中市,臺中市北屯區,祥順八街
764,臺中市,臺中市北屯區,祥順十街
765,臺中市,臺中市北屯區,祥順路
766,臺中市,臺中市北屯區,竹興街
767,臺中市,臺中市北屯區,經補路
768,臺中市,臺中市北屯區,經貿三路
769,臺中市,臺中市北屯區,經貿五路
770,臺中市,臺中市北屯區,經貿路
771,臺中市,臺中市北屯區,華美西街
772,臺中市,臺中市北屯區,豐樂一街
773,臺中市,臺中市北屯區,豐樂二街
774,臺中市,臺中市北屯區,豐樂北一路
775,臺中市,臺中市北屯區,豐樂南一街
776,臺中市,臺中市北屯區,軍仁街
777,臺中市,臺中市北屯區,軍功路
778,臺中市,臺中市北屯區,軍南二街
779,臺中市,臺中市北屯區,軍榮一街
780,臺中市,臺中市北屯區,軍榮二街
781,臺中市,臺中市北屯區,軍榮六街
782,臺中市,臺中市北屯區,軍福七路
783,臺中市,臺中市北屯區,軍福八路
784,臺中市,臺中市北屯區,軍福十七路
785,臺中市,臺中市北屯區,軍福十九路
786,臺中市,臺中市北屯區,軍福十五路
787,臺中市,臺中市北屯區,軍福十六路
788,臺中市,臺中市北屯區,近山路
789,臺中市,臺中市北屯區,進化路
790,臺中市,臺中市北屯區,遼陽一街
791,臺中市,臺中市北屯區,遼陽二街
792,臺中市,臺中市北屯區,遼陽六街
793,臺中市,臺中市北屯區,遼陽北二街
794,臺中市,臺中市北屯區,長富街
795,臺中市,臺中市北屯區,長生二街
796,臺中市,臺中市北屯區,長貴街
797,臺中市,臺中市北屯區,陳平一街
798,臺中市,臺中市北屯區,雷中街
799,臺中市,臺中市北屯區,青雲街
800,臺中市,臺中市北屯區,麻園西街
801,臺中市,臺中市豐原區,三和路
802,臺中市,臺中市豐原區,三環路
803,臺中市,臺中市豐原區,中山路
804,臺中市,臺中市豐原區,中興路
805,臺中市,臺中市豐原區,中陽東街
806,臺中市,臺中市豐原區,互助街
807,臺中市,臺中市豐原區,仁洲街
808,臺中市,臺中市豐原區,信義街
809,臺中市,臺中市豐原區,北陽三街
810,臺中市,臺中市豐原區,北陽路
811,臺中市,臺中市豐原區,南村路
812,臺中市,臺中市豐原區,南陽路
813,臺中市,臺中市豐原區,博愛街
814,臺中市,臺中市豐原區,同安街
815,臺中市,臺中市豐原區,向陽路
816,臺中市,臺中市豐原區,國豐路
817,臺中市,臺中市豐原區,圓環南路
818,臺中市,臺中市豐原區,圓環東路
819,臺中市,臺中市豐原區,圳寮路
820,臺中市,臺中市豐原區,大光街
821,臺中市,臺中市豐原區,大昌街
822,臺中市,臺中市豐原區,大湳街
823,臺中市,臺中市豐原區,大豐路
824,臺中市,臺中市豐原區,安和路
825,臺中市,臺中市豐原區,富春街
826,臺中市,臺中市豐原區,富陽路
827,臺中市,臺中市豐原區,市前街
828,臺中市,臺中市豐原區,師範街
829,臺中市,臺中市豐原區,建成路
830,臺中市,臺中市豐原區,忠孝街
831,臺中市,臺中市豐原區,愛國街
832,臺中市,臺中市豐原區,成功路
833,臺中市,臺中市豐原區,文化路
834,臺中市,臺中市豐原區,文昌街
835,臺中市,臺中市豐原區,文村街
836,臺中市,臺中市豐原區,新生北路
837,臺中市,臺中市豐原區,明仁街
838,臺中市,臺中市豐原區,明義街
839,臺中市,臺中市豐原區,朝陽路
840,臺中市,臺中市豐原區,東仁街
841,臺中市,臺中市豐原區,東北街
842,臺中市,臺中市豐原區,東興街
843,臺中市,臺中市豐原區,榮春街
844,臺中市,臺中市豐原區,民生街
845,臺中市,臺中市豐原區,永安街
846,臺中市,臺中市豐原區,源豐路
847,臺中市,臺中市豐原區,瑞安街
848,臺中市,臺中市豐原區,田心路
849,臺中市,臺中市豐原區,社皮路
850,臺中市,臺中市豐原區,社興三街
851,臺中市,臺中市豐原區,社興五街
852,臺中市,臺中市豐原區,社興路
853,臺中市,臺中市豐原區,福德路
854,臺中市,臺中市豐原區,綠山三街
855,臺中市,臺中市豐原區,綠山五街
856,臺中市,臺中市豐原區,育德街
857,臺中市,臺中市豐原區,育英路
858,臺中市,臺中市豐原區,自強街
859,臺中市,臺中市豐原區,自立街
860,臺中市,臺中市豐原區,萬年路
861,臺中市,臺中市豐原區,萬順三街
862,臺中市,臺中市豐原區,葫蘆墩一街
863,臺中市,臺中市豐原區,葫蘆墩三街
864,臺中市,臺中市豐原區,葫蘆墩五街
865,臺中市,臺中市豐原區,西勢一街
866,臺中市,臺中市豐原區,西勢二街
867,臺中市,臺中市豐原區,西勢六街
868,臺中市,臺中市豐原區,西勢路
869,臺中市,臺中市豐原區,西平街
870,臺中市,臺中市豐原區,豐中路
871,臺中市,臺中市豐原區,豐北街
872,臺中市,臺中市豐原區,豐南路
873,臺中市,臺中市豐原區,豐工路
874,臺中市,臺中市豐原區,豐東一街
875,臺中市,臺中市豐原區,豐栗路
876,臺中市,臺中市豐原區,豐田路
877,臺中市,臺中市豐原區,豐科路
878,臺中市,臺中市豐原區,豐西街
879,臺中市,臺中市豐原區,豐陽路
880,臺中市,臺中市豐原區,鎌村路
881,臺中市,臺中市豐原區,陽明街
882,臺中市,臺中市豐原區,雙龍街
883,臺中市,臺中市東勢區,上城街
884,臺中市,臺中市東勢區,中坑坪路
885,臺中市,臺中市東勢區,中新街
886,臺中市,臺中市東勢區,中泰街
887,臺中市,臺中市東勢區,公園路
888,臺中市,臺中市東勢區,吉祥街
889,臺中市,臺中市東勢區,圓樓前街
890,臺中市,臺中市東勢區,城興街
891,臺中市,臺中市東勢區,慶東街
892,臺中市,臺中市東勢區,文化街
893,臺中市,臺中市東勢區,文新街
894,臺中市,臺中市東勢區,新城街
895,臺中市,臺中市東勢區,新盛七街
896,臺中市,臺中市東勢區,新盛九街
897,臺中市,臺中市東勢區,新盛五街
898,臺中市,臺中市東勢區,新盛六街
899,臺中市,臺中市東勢區,新盛十二街
900,臺中市,臺中市東勢區,新盛街
901,臺中市,臺中市東勢區,本街
902,臺中市,臺中市東勢區,東坑街
903,臺中市,臺中市東勢區,東崎街
904,臺中市,臺中市東勢區,東環街
905,臺中市,臺中市東勢區,東關路
906,臺中市,臺中市東勢區,正三街
907,臺中市,臺中市東勢區,正五街
908,臺中市,臺中市東勢區,泰昌二街
909,臺中市,臺中市東勢區,石城街
910,臺中市,臺中市東勢區,福成街
911,臺中市,臺中市東勢區,福盛街
912,臺中市,臺中市東勢區,第一橫街
913,臺中市,臺中市東勢區,第三横街
914,臺中市,臺中市東勢區,第二横街
915,臺中市,臺中市東勢區,第五橫街
916,臺中市,臺中市東勢區,第四橫街
917,臺中市,臺中市東勢區,粵寧街中路
918,臺中市,臺中市東勢區,詒福街
919,臺中市,臺中市東勢區,金門街
920,臺中市,臺中市大甲區,中山路
921,臺中市,臺中市大甲區,中華街
922,臺中市,臺中市大甲區,五褔街
923,臺中市,臺中市大甲區,仁愛路
924,臺中市,臺中市大甲區,光明路
925,臺中市,臺中市大甲區,六股排路
926,臺中市,臺中市大甲區,北堤西路
927,臺中市,臺中市大甲區,南北三路
928,臺中市,臺中市大甲區,南北五路
929,臺中市,臺中市大甲區,南陽街
930,臺中市,臺中市大甲區,吉祥三街
931,臺中市,臺中市大甲區,吉祥五街
932,臺中市,臺中市大甲區,大安港路
933,臺中市,臺中市大甲區,大甲街
934,臺中市,臺中市大甲區,如意一街
935,臺中市,臺中市大甲區,如意路
936,臺中市,臺中市大甲區,工一路
937,臺中市,臺中市大甲區,工三路
938,臺中市,臺中市大甲區,工二路
939,臺中市,臺中市大甲區,工六路
940,臺中市,臺中市大甲區,工四路
941,臺中市,臺中市大甲區,幼七路
942,臺中市,臺中市大甲區,幼九路
943,臺中市,臺中市大甲區,幼五路
944,臺中市,臺中市大甲區,幼四路
945,臺中市,臺中市大甲區,彈正路
946,臺中市,臺中市大甲區,德興路
947,臺中市,臺中市大甲區,慈德路
948,臺中市,臺中市大甲區,文昌街
949,臺中市,臺中市大甲區,文武路
950,臺中市,臺中市大甲區,新美街
951,臺中市,臺中市大甲區,東一街
952,臺中市,臺中市大甲區,東九街
953,臺中市,臺中市大甲區,東六街
954,臺中市,臺中市大甲區,東明路
955,臺中市,臺中市大甲區,東西五路
956,臺中市,臺中市大甲區,東西六路
957,臺中市,臺中市大甲區,橫圳街
958,臺中市,臺中市大甲區,民權路
959,臺中市,臺中市大甲區,水源路
960,臺中市,臺中市大甲區,永順街
961,臺中市,臺中市大甲區,甲后路
962,臺中市,臺中市大甲區,福東路
963,臺中市,臺中市大甲區,經國路
964,臺中市,臺中市大甲區,義和三街
965,臺中市,臺中市大甲區,育德路
966,臺中市,臺中市大甲區,臨江路
967,臺中市,臺中市大甲區,蔣公路
968,臺中市,臺中市大甲區,農安路
969,臺中市,臺中市大甲區,重義一路
970,臺中市,臺中市大甲區,重義二路
971,臺中市,臺中市大甲區,金華路
972,臺中市,臺中市大甲區,錦華街
973,臺中市,臺中市大甲區,鎮瀾街
974,臺中市,臺中市大甲區,長安路
975,臺中市,臺中市大甲區,雁門路
976,臺中市,臺中市大甲區,青三路
977,臺中市,臺中市大甲區,青年路
978,臺中市,臺中市大甲區,順帆一街
979,臺中市,臺中市大甲區,順帆三街
980,臺中市,臺中市大甲區,順帆五街
981,臺中市,臺中市大甲區,順帆十一街
982,臺中市,臺中市大甲區,順帆路
983,臺中市,臺中市大甲區,龍潭路
984,臺中市,臺中市清水區,三田路
985,臺中市,臺中市清水區,三順路
986,臺中市,臺中市清水區,中二路
987,臺中市,臺中市清水區,中央路
988,臺中市,臺中市清水區,中橫十三路
989,臺中市,臺中市清水區,中橫十四路
990,臺中市,臺中市清水區,中正街
991,臺中市,臺中市清水區,中社路
992,臺中市,臺中市清水區,中興南街
993,臺中市,臺中市清水區,中航路
994,臺中市,臺中市清水區,中華路
995,臺中市,臺中市清水區,五權南一街
996,臺中市,臺中市清水區,五權東路
997,臺中市,臺中市清水區,仁愛北路
998,臺中市,臺中市清水區,信義一街
999,臺中市,臺中市清水區,信義二街
1000,臺中市,臺中市清水區,信義路
1001,臺中市,臺中市清水區,光明路
1002,臺中市,臺中市清水區,八德東路
1003,臺中市,臺中市清水區,公正路
1004,臺中市,臺中市清水區,北一路
1005,臺中市,臺中市清水區,北二路
1006,臺中市,臺中市清水區,北四路
1007,臺中市,臺中市清水區,北寧街
1008,臺中市,臺中市清水區,北橫三路
1009,臺中市,臺中市清水區,北橫六路
1010,臺中市,臺中市清水區,北橫十二路
1011,臺中市,臺中市清水區,北橫四路
1012,臺中市,臺中市清水區,南社路
1013,臺中市,臺中市清水區,吳厝一街
1014,臺中市,臺中市清水區,吳厝二街
1015,臺中市,臺中市清水區,吳厝六街
1016,臺中市,臺中市清水區,和平路
1017,臺中市,臺中市清水區,四維東路
1018,臺中市,臺中市清水區,大勇北路
1019,臺中市,臺中市清水區,大楊南街
1020,臺中市,臺中市清水區,學園街
1021,臺中市,臺中市清水區,平等東路
1022,臺中市,臺中市清水區,建國路
1023,臺中市,臺中市清水區,忠孝一街
1024,臺中市,臺中市清水區,忠孝西路
1025,臺中市,臺中市清水區,忠誠路
1026,臺中市,臺中市清水區,忠貞路
1027,臺中市,臺中市清水區,文昌街
1028,臺中市,臺中市清水區,新興路
1029,臺中市,臺中市清水區,星海三街
1030,臺中市,臺中市清水區,東山路
1031,臺中市,臺中市清水區,楊厝二街
1032,臺中市,臺中市清水區,槺榔三街
1033,臺中市,臺中市清水區,橋江北街
1034,臺中市,臺中市清水區,民享一街
1035,臺中市,臺中市清水區,民享二街
1036,臺中市,臺中市清水區,民享路
1037,臺中市,臺中市清水區,民安路
1038,臺中市,臺中市清水區,民有路
1039,臺中市,臺中市清水區,民權一街
1040,臺中市,臺中市清水區,民治三街
1041,臺中市,臺中市清水區,民治五街
1042,臺中市,臺中市清水區,民治路
1043,臺中市,臺中市清水區,海口南路
1044,臺中市,臺中市清水區,海甲路
1045,臺中市,臺中市清水區,海風一街
1046,臺中市,臺中市清水區,海風二街
1047,臺中市,臺中市清水區,港口路
1048,臺中市,臺中市清水區,港新一路
1049,臺中市,臺中市清水區,港新五路
1050,臺中市,臺中市清水區,港都二路
1051,臺中市,臺中市清水區,港都路
1052,臺中市,臺中市清水區,漁港路
1053,臺中市,臺中市清水區,神清路
1054,臺中市,臺中市清水區,紫雲街
1055,臺中市,臺中市清水區,臨海路
1056,臺中市,臺中市清水區,自強路
1057,臺中市,臺中市清水區,自立路
1058,臺中市,臺中市清水區,荷園街
1059,臺中市,臺中市清水區,菁埔路
1060,臺中市,臺中市清水區,華江南街
1061,臺中市,臺中市清水區,董公街
1062,臺中市,臺中市清水區,西寧路
1063,臺中市,臺中市清水區,謢岸路
1064,臺中市,臺中市清水區,鎮北街
1065,臺中市,臺中市清水區,鎮平路
1066,臺中市,臺中市清水區,鎮政二街
1067,臺中市,臺中市清水區,鎮新一街
1068,臺中市,臺中市清水區,鎮新五街
1069,臺中市,臺中市清水區,鎮新南路
1070,臺中市,臺中市清水區,頂三庄路
1071,臺中市,臺中市清水區,高美路
1072,臺中市,臺中市清水區,鰲峰一街
1073,臺中市,臺中市清水區,鰲峰二街
1074,臺中市,臺中市清水區,鰲新一街
1075,臺中市,臺中市清水區,鰲新二街
1076,臺中市,臺中市清水區,鰲新路
1077,臺中市,臺中市清水區,鰲綘路
1078,臺中市,臺中市沙鹿區,七賢路
1079,臺中市,臺中市沙鹿區,三民路
1080,臺中市,臺中市沙鹿區,中山路
1081,臺中市,臺中市沙鹿區,中棲路
1082,臺中市,臺中市沙鹿區,中正街
1083,臺中市,臺中市沙鹿區,中航路
1084,臺中市,臺中市沙鹿區,保安路
1085,臺中市,臺中市沙鹿區,保寧北街
1086,臺中市,臺中市沙鹿區,保成一街
1087,臺中市,臺中市沙鹿區,保成五街
1088,臺中市,臺中市沙鹿區,保成六街
1089,臺中市,臺中市沙鹿區,保順一街
1090,臺中市,臺中市沙鹿區,保順二街
1091,臺中市,臺中市沙鹿區,保順六街
1092,臺中市,臺中市沙鹿區,光大路
1093,臺中市,臺中市沙鹿區,光明街
1094,臺中市,臺中市沙鹿區,光正街
1095,臺中市,臺中市沙鹿區,六合路
1096,臺中市,臺中市沙鹿區,六路一街
1097,臺中市,臺中市沙鹿區,六路三街
1098,臺中市,臺中市沙鹿區,六路二街
1099,臺中市,臺中市沙鹿區,六路八街
1100,臺中市,臺中市沙鹿區,六路十一街
1101,臺中市,臺中市沙鹿區,六路十三街
1102,臺中市,臺中市沙鹿區,六路十二街
1103,臺中市,臺中市沙鹿區,六路十八街
1104,臺中市,臺中市沙鹿區,六路十四街
1105,臺中市,臺中市沙鹿區,北中一街
1106,臺中市,臺中市沙鹿區,北中三街
1107,臺中市,臺中市沙鹿區,北中五街
1108,臺中市,臺中市沙鹿區,北中東街
1109,臺中市,臺中市沙鹿區,北勢七街
1110,臺中市,臺中市沙鹿區,北勢二街
1111,臺中市,臺中市沙鹿區,北勢六街
1112,臺中市,臺中市沙鹿區,北英路
1113,臺中市,臺中市沙鹿區,南昌路
1114,臺中市,臺中市沙鹿區,向上路
1115,臺中市,臺中市沙鹿區,和睦路
1116,臺中市,臺中市沙鹿區,國昌一街
1117,臺中市,臺中市沙鹿區,國昌二街
1118,臺中市,臺中市沙鹿區,大同街
1119,臺中市,臺中市沙鹿區,天仁一街
1120,臺中市,臺中市沙鹿區,天仁北街
1121,臺中市,臺中市沙鹿區,天仁街
1122,臺中市,臺中市沙鹿區,太平路
1123,臺中市,臺中市沙鹿區,屏南路
1124,臺中市,臺中市沙鹿區,平等一街
1125,臺中市,臺中市沙鹿區,平等三街
1126,臺中市,臺中市沙鹿區,平等五街
1127,臺中市,臺中市沙鹿區,平等六街
1128,臺中市,臺中市沙鹿區,平等十二街
1129,臺中市,臺中市沙鹿區,平等路
1130,臺中市,臺中市沙鹿區,德化街
1131,臺中市,臺中市沙鹿區,成功東街
1132,臺中市,臺中市沙鹿區,成東街
1133,臺中市,臺中市沙鹿區,文昌街
1134,臺中市,臺中市沙鹿區,斗潭路
1135,臺中市,臺中市沙鹿區,新興街
1136,臺中市,臺中市沙鹿區,明秀一街
1137,臺中市,臺中市沙鹿區,明秀八街
1138,臺中市,臺中市沙鹿區,星海路
1139,臺中市,臺中市沙鹿區,星美三街
1140,臺中市,臺中市沙鹿區,星美五街
1141,臺中市,臺中市沙鹿區,星美路
1142,臺中市,臺中市沙鹿區,星輝路
1143,臺中市,臺中市沙鹿區,晉武路
1144,臺中市,臺中市沙鹿區,東安街
1145,臺中市,臺中市沙鹿區,東晉三街
1146,臺中市,臺中市沙鹿區,東晉五街
1147,臺中市,臺中市沙鹿區,東晉十一街
1148,臺中市,臺中市沙鹿區,東晉路
1149,臺中市,臺中市沙鹿區,東英路
1150,臺中市,臺中市沙鹿區,正義路
1151,臺中市,臺中市沙鹿區,正英七街
1152,臺中市,臺中市沙鹿區,正英九街
1153,臺中市,臺中市沙鹿區,正英五街
1154,臺中市,臺中市沙鹿區,正英十三街
1155,臺中市,臺中市沙鹿區,正英十街
1156,臺中市,臺中市沙鹿區,正順路
1157,臺中市,臺中市沙鹿區,水裡社街
1158,臺中市,臺中市沙鹿區,永寧路
1159,臺中市,臺中市沙鹿區,清泉路
1160,臺中市,臺中市沙鹿區,福安街
1161,臺中市,臺中市沙鹿區,福德路
1162,臺中市,臺中市沙鹿區,福星路
1163,臺中市,臺中市沙鹿區,福田南街
1164,臺中市,臺中市沙鹿區,福鹿街
1165,臺中市,臺中市沙鹿區,自由路
1166,臺中市,臺中市沙鹿區,興安路
1167,臺中市,臺中市沙鹿區,英才路
1168,臺中市,臺中市沙鹿區,褔至路
1169,臺中市,臺中市沙鹿區,賢仁街
1170,臺中市,臺中市沙鹿區,賢忠街
1171,臺中市,臺中市沙鹿區,賢義街
1172,臺中市,臺中市沙鹿區,都會南街
1173,臺中市,臺中市沙鹿區,錦上街
1174,臺中市,臺中市沙鹿區,錦衣街
1175,臺中市,臺中市沙鹿區,鎮安街
1176,臺中市,臺中市沙鹿區,鎮政路
1177,臺中市,臺中市沙鹿區,龍山路
1178,臺中市,臺中市梧棲區,三條圳二街
1179,臺中市,臺中市梧棲區,中二路
1180,臺中市,臺中市梧棲區,中和街
1181,臺中市,臺中市梧棲區,中央西四街
1182,臺中市,臺中市梧棲區,中棲路
1183,臺中市,臺中市梧棲區,中横十一路
1184,臺中市,臺中市梧棲區,中横十路
1185,臺中市,臺中市梧棲區,中橫一路
1186,臺中市,臺中市梧棲區,中橫九路
1187,臺中市,臺中市梧棲區,中橫十二路
1188,臺中市,臺中市梧棲區,中橫四路
1189,臺中市,臺中市梧棲區,中興路
1190,臺中市,臺中市梧棲區,仁愛街
1191,臺中市,臺中市梧棲區,信義街
1192,臺中市,臺中市梧棲區,光榮南街
1193,臺中市,臺中市梧棲區,光華北街
1194,臺中市,臺中市梧棲區,光華東街
1195,臺中市,臺中市梧棲區,光華西街
1196,臺中市,臺中市梧棲區,八德路
1197,臺中市,臺中市梧棲區,南堤路
1198,臺中市,臺中市梧棲區,南橫二路
1199,臺中市,臺中市梧棲區,南簡路
1200,臺中市,臺中市梧棲區,博愛北路
1201,臺中市,臺中市梧棲區,向上路
1202,臺中市,臺中市梧棲區,四維中路
1203,臺中市,臺中市梧棲區,四維西路
1204,臺中市,臺中市梧棲區,大仁路
1205,臺中市,臺中市梧棲區,大同街
1206,臺中市,臺中市梧棲區,大成南路
1207,臺中市,臺中市梧棲區,大智路
1208,臺中市,臺中市梧棲區,大觀路
1209,臺中市,臺中市梧棲區,居仁街
1210,臺中市,臺中市梧棲區,建七路
1211,臺中市,臺中市梧棲區,建八路
1212,臺中市,臺中市梧棲區,建國北街
1213,臺中市,臺中市梧棲區,建國東街
1214,臺中市,臺中市梧棲區,忠信路
1215,臺中市,臺中市梧棲區,忠義路
1216,臺中市,臺中市梧棲區,文心街
1217,臺中市,臺中市梧棲區,文明街
1218,臺中市,臺中市梧棲區,文華街
1219,臺中市,臺中市梧棲區,新生路
1220,臺中市,臺中市梧棲區,星美東街
1221,臺中市,臺中市梧棲區,東建路
1222,臺中市,臺中市梧棲區,梧北路
1223,臺中市,臺中市梧棲區,梧棲路
1224,臺中市,臺中市梧棲區,民和二街
1225,臺中市,臺中市梧棲區,民和六街
1226,臺中市,臺中市梧棲區,民和路
1227,臺中市,臺中市梧棲區,民安三街
1228,臺中市,臺中市梧棲區,民安路
1229,臺中市,臺中市梧棲區,民族路
1230,臺中市,臺中市梧棲區,民權街
1231,臺中市,臺中市梧棲區,民生西街
1232,臺中市,臺中市梧棲區,永興路
1233,臺中市,臺中市梧棲區,福德街
1234,臺中市,臺中市梧棲區,築港路
1235,臺中市,臺中市梧棲區,經三路
1236,臺中市,臺中市梧棲區,緯一路
1237,臺中市,臺中市梧棲區,緯二路
1238,臺中市,臺中市梧棲區,緯六路
1239,臺中市,臺中市梧棲區,臨港路
1240,臺中市,臺中市梧棲區,自強三街
1241,臺中市,臺中市梧棲區,自強南路
1242,臺中市,臺中市梧棲區,自強路
1243,臺中市,臺中市梧棲區,自立三街
1244,臺中市,臺中市梧棲區,自立四街
1245,臺中市,臺中市梧棲區,興益路
1246,臺中市,臺中市梧棲區,褔德街
1247,臺中市,臺中市梧棲區,西建路
1248,臺中市,臺中市梧棲區,長春路
1249,臺中市,臺中市梧棲區,青年路
1250,臺中市,臺中市梧棲區,鰲西路
1251,臺中市,臺中市后里區,三光路
1252,臺中市,臺中市后里區,三線路
1253,臺中市,臺中市后里區,三豐路
1254,臺中市,臺中市后里區,三重三路
1255,臺中市,臺中市后里區,三重二路
1256,臺中市,臺中市后里區,三重西路
1257,臺中市,臺中市后里區,中和路
1258,臺中市,臺中市后里區,中正路
1259,臺中市,臺中市后里區,主和路
1260,臺中市,臺中市后里區,九甲七路
1261,臺中市,臺中市后里區,九甲二路
1262,臺中市,臺中市后里區,九甲六路
1263,臺中市,臺中市后里區,二圳路
1264,臺中市,臺中市后里區,仁愛街
1265,臺中市,臺中市后里區,內東路
1266,臺中市,臺中市后里區,公舘路
1267,臺中市,臺中市后里區,南村路
1268,臺中市,臺中市后里區,后神路
1269,臺中市,臺中市后里區,后科路
1270,臺中市,臺中市后里區,和興路
1271,臺中市,臺中市后里區,四村路
1272,臺中市,臺中市后里區,圳寮路
1273,臺中市,臺中市后里區,堤防路
1274,臺中市,臺中市后里區,大山路
1275,臺中市,臺中市后里區,大興路
1276,臺中市,臺中市后里區,安眉路
1277,臺中市,臺中市后里區,寺山路
1278,臺中市,臺中市后里區,平安路
1279,臺中市,臺中市后里區,復興街
1280,臺中市,臺中市后里區,文化路
1281,臺中市,臺中市后里區,星科路
1282,臺中市,臺中市后里區,智生路
1283,臺中市,臺中市后里區,月湖路
1284,臺中市,臺中市后里區,月眉南路
1285,臺中市,臺中市后里區,月眉西二路
1286,臺中市,臺中市后里區,柑宅路
1287,臺中市,臺中市后里區,民生路
1288,臺中市,臺中市后里區,水門路
1289,臺中市,臺中市后里區,泉州路
1290,臺中市,臺中市后里區,甲后路
1291,臺中市,臺中市后里區,眉豐路
1292,臺中市,臺中市后里區,福容路
1293,臺中市,臺中市后里區,福美路
1294,臺中市,臺中市后里區,福音路
1295,臺中市,臺中市后里區,舊圳路
1296,臺中市,臺中市后里區,重劃東路
1297,臺中市,臺中市后里區,雲頭路
1298,臺中市,臺中市神岡區,三和路
1299,臺中市,臺中市神岡區,三民東街
1300,臺中市,臺中市神岡區,三社東路
1301,臺中市,臺中市神岡區,中山路
1302,臺中市,臺中市神岡區,中正南街
1303,臺中市,臺中市神岡區,中興路
1304,臺中市,臺中市神岡區,五權路
1305,臺中市,臺中市神岡區,光復路
1306,臺中市,臺中市神岡區,八德路
1307,臺中市,臺中市神岡區,六張路
1308,臺中市,臺中市神岡區,北庄路
1309,臺中市,臺中市神岡區,和平路
1310,臺中市,臺中市神岡區,國豐路
1311,臺中市,臺中市神岡區,圳岸路
1312,臺中市,臺中市神岡區,大圳路
1313,臺中市,臺中市神岡區,大明路
1314,臺中市,臺中市神岡區,大漢街
1315,臺中市,臺中市神岡區,大裡街
1316,臺中市,臺中市神岡區,大豐路
1317,臺中市,臺中市神岡區,岸裡一街
1318,臺中市,臺中市神岡區,崇德路
1319,臺中市,臺中市神岡區,庄前路
1320,臺中市,臺中市神岡區,成都路
1321,臺中市,臺中市神岡區,文化街
1322,臺中市,臺中市神岡區,文昌街
1323,臺中市,臺中市神岡區,新興北路
1324,臺中市,臺中市神岡區,昌平路
1325,臺中市,臺中市神岡區,東洲一街
1326,臺中市,臺中市神岡區,東洲路
1327,臺中市,臺中市神岡區,民族路
1328,臺中市,臺中市神岡區,民權二街
1329,臺中市,臺中市神岡區,民權路
1330,臺中市,臺中市神岡區,溝心路
1331,臺中市,臺中市神岡區,溪頭路
1332,臺中市,臺中市神岡區,社口街
1333,臺中市,臺中市神岡區,神岡東街
1334,臺中市,臺中市神岡區,神林路
1335,臺中市,臺中市神岡區,神洲路
1336,臺中市,臺中市神岡區,福庄街
1337,臺中市,臺中市神岡區,福民路
1338,臺中市,臺中市神岡區,豐工一路
1339,臺中市,臺中市神岡區,豐工中路
1340,臺中市,臺中市神岡區,豐工南路
1341,臺中市,臺中市神岡區,豐洲路
1342,臺中市,臺中市神岡區,豐社路
1343,臺中市,臺中市潭子區,中山路
1344,臺中市,臺中市潭子區,中興路
1345,臺中市,臺中市潭子區,仁愛路
1346,臺中市,臺中市潭子區,入和路
1347,臺中市,臺中市潭子區,勝利七街
1348,臺中市,臺中市潭子區,勝利九街
1349,臺中市,臺中市潭子區,勝利五街
1350,臺中市,臺中市潭子區,勝利六街
1351,臺中市,臺中市潭子區,勝利十三街
1352,臺中市,臺中市潭子區,勝利十街
1353,臺中市,臺中市潭子區,勝利路
1354,臺中市,臺中市潭子區,北環路
1355,臺中市,臺中市潭子區,南環路
1356,臺中市,臺中市潭子區,合作街
1357,臺中市,臺中市潭子區,吉林三街
1358,臺中市,臺中市潭子區,吉林五街
1359,臺中市,臺中市潭子區,和平路
1360,臺中市,臺中市潭子區,嘉豐路
1361,臺中市,臺中市潭子區,圓通南路
1362,臺中市,臺中市潭子區,大德一路
1363,臺中市,臺中市潭子區,大德北路
1364,臺中市,臺中市潭子區,大成街
1365,臺中市,臺中市潭子區,大明一路
1366,臺中市,臺中市潭子區,大明二路
1367,臺中市,臺中市潭子區,大豐一路
1368,臺中市,臺中市潭子區,大豐東二街
1369,臺中市,臺中市潭子區,大通街
1370,臺中市,臺中市潭子區,崇德路
1371,臺中市,臺中市潭子區,弘仁街
1372,臺中市,臺中市潭子區,弘文街
1373,臺中市,臺中市潭子區,弘智二街
1374,臺中市,臺中市潭子區,弘福街
1375,臺中市,臺中市潭子區,得天街
1376,臺中市,臺中市潭子區,得福街
1377,臺中市,臺中市潭子區,旱溪東路
1378,臺中市,臺中市潭子區,昌平路
1379,臺中市,臺中市潭子區,榮興街
1380,臺中市,臺中市潭子區,民生街
1381,臺中市,臺中市潭子區,潭富一街
1382,臺中市,臺中市潭子區,潭富路
1383,臺中市,臺中市潭子區,潭興路
1384,臺中市,臺中市潭子區,潭陽路
1385,臺中市,臺中市潭子區,環中路
1386,臺中市,臺中市潭子區,祥和東路
1387,臺中市,臺中市潭子區,福潭路
1388,臺中市,臺中市潭子區,興華一路
1389,臺中市,臺中市潭子區,興華二路
1390,臺中市,臺中市潭子區,西環路
1391,臺中市,臺中市潭子區,豐興路
1392,臺中市,臺中市潭子區,雅豐街
1393,臺中市,臺中市潭子區,頭張東路
1394,臺中市,臺中市大雅區,上山一路
1395,臺中市,臺中市大雅區,上山二路
1396,臺中市,臺中市大雅區,上山六路
1397,臺中市,臺中市大雅區,中和一路
1398,臺中市,臺中市大雅區,中和三路
1399,臺中市,臺中市大雅區,中和五路
1400,臺中市,臺中市大雅區,中和路
1401,臺中市,臺中市大雅區,中山七路
1402,臺中市,臺中市大雅區,中山二路
1403,臺中市,臺中市大雅區,中山八路
1404,臺中市,臺中市大雅區,中山北路
1405,臺中市,臺中市大雅區,中山十二路
1406,臺中市,臺中市大雅區,中清北街
1407,臺中市,臺中市大雅區,中清路
1408,臺中市,臺中市大雅區,仁和北路
1409,臺中市,臺中市大雅區,仁愛北路
1410,臺中市,臺中市大雅區,仁愛西路
1411,臺中市,臺中市大雅區,信和路
1412,臺中市,臺中市大雅區,光復路
1413,臺中市,臺中市大雅區,前村路
1414,臺中市,臺中市大雅區,和平路
1415,臺中市,臺中市大雅區,大林路
1416,臺中市,臺中市大雅區,大雅街
1417,臺中市,臺中市大雅區,學府路
1418,臺中市,臺中市大雅區,平和二路
1419,臺中市,臺中市大雅區,平和街
1420,臺中市,臺中市大雅區,建德街
1421,臺中市,臺中市大雅區,德勝路
1422,臺中市,臺中市大雅區,振興一路
1423,臺中市,臺中市大雅區,振興二路
1424,臺中市,臺中市大雅區,振興六路
1425,臺中市,臺中市大雅區,文化路
1426,臺中市,臺中市大雅區,新科路
1427,臺中市,臺中市大雅區,春亭一街
1428,臺中市,臺中市大雅區,春亭二街
1429,臺中市,臺中市大雅區,月祥路
1430,臺中市,臺中市大雅區,楓林街
1431,臺中市,臺中市大雅區,民富街
1432,臺中市,臺中市大雅區,民權街
1433,臺中市,臺中市大雅區,民興街
1434,臺中市,臺中市大雅區,永和路
1435,臺中市,臺中市大雅區,清泉路
1436,臺中市,臺中市大雅區,清陽二路
1437,臺中市,臺中市大雅區,港尾路
1438,臺中市,臺中市大雅區,田心三街
1439,臺中市,臺中市大雅區,田心街
1440,臺中市,臺中市大雅區,神林路
1441,臺中市,臺中市大雅區,秀山七路
1442,臺中市,臺中市大雅區,秀山二路
1443,臺中市,臺中市大雅區,秀山十一路
1444,臺中市,臺中市大雅區,秀山路
1445,臺中市,臺中市大雅區,科雅七路
1446,臺中市,臺中市大雅區,科雅六路
1447,臺中市,臺中市大雅區,科雅西路
1448,臺中市,臺中市大雅區,義和路
1449,臺中市,臺中市大雅區,通山路
1450,臺中市,臺中市大雅區,雅潭路
1451,臺中市,臺中市大雅區,雅環一街
1452,臺中市,臺中市大雅區,雅秀一路
1453,臺中市,臺中市大雅區,雅秀三路
1454,臺中市,臺中市大雅區,雅秀路
1455,臺中市,臺中市大雅區,鳳嗚路
1456,臺中市,臺中市大雅區,龍善一街
1457,臺中市,臺中市大雅區,龍善二街
1458,臺中市,臺中市新社區,中和街
1459,臺中市,臺中市新社區,中興街
1460,臺中市,臺中市新社區,井南街
1461,臺中市,臺中市新社區,協中街
1462,臺中市,臺中市新社區,南華街
1463,臺中市,臺中市新社區,新居街
1464,臺中市,臺中市新社區,東新路
1465,臺中市,臺中市新社區,水井街
1466,臺中市,臺中市新社區,興中街
1467,臺中市,臺中市新社區,興社街
1468,臺中市,臺中市新社區,興隆街
1469,臺中市,臺中市新社區,華豐三街
1470,臺中市,臺中市新社區,華豐街
1471,臺中市,臺中市石岡區,和平街
1472,臺中市,臺中市石岡區,大仁街
1473,臺中市,臺中市石岡區,大智街
1474,臺中市,臺中市石岡區,建德街
1475,臺中市,臺中市石岡區,明德路
1476,臺中市,臺中市石岡區,石岡街
1477,臺中市,臺中市石岡區,萬墩街
1478,臺中市,臺中市石岡區,萬華街
1479,臺中市,臺中市石岡區,金順街
1480,臺中市,臺中市外埔區,三環路
1481,臺中市,臺中市外埔區,二崁一路
1482,臺中市,臺中市外埔區,五穀路
1483,臺中市,臺中市外埔區,后寮路
1484,臺中市,臺中市外埔區,土城北路
1485,臺中市,臺中市外埔區,土城東路
1486,臺中市,臺中市外埔區,土城路
1487,臺中市,臺中市外埔區,大馬路
1488,臺中市,臺中市外埔區,廍子路
1489,臺中市,臺中市外埔區,月眉北路
1490,臺中市,臺中市外埔區,水美路
1491,臺中市,臺中市外埔區,水頭二路
1492,臺中市,臺中市外埔區,溪底路
1493,臺中市,臺中市外埔區,甲東路
1494,臺中市,臺中市外埔區,重光路
1495,臺中市,臺中市外埔區,開元路
1496,臺中市,臺中市大安區,三元路
1497,臺中市,臺中市大安區,中山南路
1498,臺中市,臺中市大安區,中海路
1499,臺中市,臺中市大安區,五甲南路
1500,臺中市,臺中市大安區,南勢厝路
1501,臺中市,臺中市大安區,南北七路
1502,臺中市,臺中市大安區,南北九路
1503,臺中市,臺中市大安區,南北八路
1504,臺中市,臺中市大安區,南北四路
1505,臺中市,臺中市大安區,南安路
1506,臺中市,臺中市大安區,南海路
1507,臺中市,臺中市大安區,大安港路
1508,臺中市,臺中市大安區,大興路
1509,臺中市,臺中市大安區,東西一路
1510,臺中市,臺中市大安區,東西三路
1511,臺中市,臺中市大安區,東西二路
1512,臺中市,臺中市大安區,東西八路
1513,臺中市,臺中市大安區,東西四路
1514,臺中市,臺中市大安區,松七街
1515,臺中市,臺中市大安區,松九街
1516,臺中市,臺中市大安區,松五街
1517,臺中市,臺中市大安區,松十街
1518,臺中市,臺中市大安區,溪洲路
1519,臺中市,臺中市大安區,甲六路
1520,臺中市,臺中市大安區,福東一路
1521,臺中市,臺中市大安區,福東路
1522,臺中市,臺中市大安區,鎮安路
1523,臺中市,臺中市大安區,龜売路
1524,臺中市,臺中市烏日區,一心街
1525,臺中市,臺中市烏日區,三榮一路
1526,臺中市,臺中市烏日區,三榮三路
1527,臺中市,臺中市烏日區,三榮二路
1528,臺中市,臺中市烏日區,三榮八路
1529,臺中市,臺中市烏日區,三榮北一路
1530,臺中市,臺中市烏日區,三榮十七路
1531,臺中市,臺中市烏日區,三榮十五路
1532,臺中市,臺中市烏日區,三榮十六路
1533,臺中市,臺中市烏日區,三榮南路
1534,臺中市,臺中市烏日區,三民街
1535,臺中市,臺中市烏日區,中興街
1536,臺中市,臺中市烏日區,九德街
1537,臺中市,臺中市烏日區,仁德街
1538,臺中市,臺中市烏日區,以春街
1539,臺中市,臺中市烏日區,健行北一路
1540,臺中市,臺中市烏日區,健行南一路
1541,臺中市,臺中市烏日區,健行路
1542,臺中市,臺中市烏日區,光德路
1543,臺中市,臺中市烏日區,光明路
1544,臺中市,臺中市烏日區,公園一街
1545,臺中市,臺中市烏日區,公園二街
1546,臺中市,臺中市烏日區,南榮路
1547,臺中市,臺中市烏日區,大同三街
1548,臺中市,臺中市烏日區,大同二街
1549,臺中市,臺中市烏日區,大同八街
1550,臺中市,臺中市烏日區,大同十街
1551,臺中市,臺中市烏日區,太明北路
1552,臺中市,臺中市烏日區,學田路
1553,臺中市,臺中市烏日區,建國路
1554,臺中市,臺中市烏日區,慶光路
1555,臺中市,臺中市烏日區,成功東路
1556,臺中市,臺中市烏日區,振興街
1557,臺中市,臺中市烏日區,新興路
1558,臺中市,臺中市烏日區,明德街
1559,臺中市,臺中市烏日區,榮和路
1560,臺中市,臺中市烏日區,榮泰街
1561,臺中市,臺中市烏日區,民權街
1562,臺中市,臺中市烏日區,民生八街
1563,臺中市,臺中市烏日區,永春東三南路
1564,臺中市,臺中市烏日區,溪岸路
1565,臺中市,臺中市烏日區,溫泉路
1566,臺中市,臺中市烏日區,環中路
1567,臺中市,臺中市烏日區,環河西路
1568,臺中市,臺中市烏日區,福泰街
1569,臺中市,臺中市烏日區,站區二路
1570,臺中市,臺中市烏日區,自治街
1571,臺中市,臺中市烏日區,興學街
1572,臺中市,臺中市烏日區,興祥街
1573,臺中市,臺中市烏日區,長壽路
1574,臺中市,臺中市烏日區,長樂街
1575,臺中市,臺中市烏日區,高鐵三路
1576,臺中市,臺中市烏日區,高鐵五路
1577,臺中市,臺中市烏日區,高鐵東一路
1578,臺中市,臺中市烏日區,高鐵路
1579,臺中市,臺中市烏日區,麻園東三街
1580,臺中市,臺中市烏日區,麻園東街
1581,臺中市,臺中市烏日區,麻園溪西路
1582,臺中市,臺中市大肚區,中沙路
1583,臺中市,臺中市大肚區,仁德路
1584,臺中市,臺中市大肚區,博愛街
1585,臺中市,臺中市大肚區,大德一街
1586,臺中市,臺中市大肚區,大德三街
1587,臺中市,臺中市大肚區,大德五街
1588,臺中市,臺中市大肚區,大德四街
1589,臺中市,臺中市大肚區,大明一街
1590,臺中市,臺中市大肚區,大明二街
1591,臺中市,臺中市大肚區,大明四街
1592,臺中市,臺中市大肚區,太平路
1593,臺中市,臺中市大肚區,平和東街
1594,臺中市,臺中市大肚區,平等街
1595,臺中市,臺中市大肚區,文昌二街
1596,臺中市,臺中市大肚區,新興街
1597,臺中市,臺中市大肚區,永和街
1598,臺中市,臺中市大肚區,沙田路
1599,臺中市,臺中市大肚區,營埔一街
1600,臺中市,臺中市大肚區,營埔二街
1601,臺中市,臺中市大肚區,瑞井路
1602,臺中市,臺中市大肚區,福興街
1603,臺中市,臺中市大肚區,紙廠路
1604,臺中市,臺中市大肚區,育英路
1605,臺中市,臺中市大肚區,自由路
1606,臺中市,臺中市大肚區,興和路
1607,臺中市,臺中市大肚區,船頭三街
1608,臺中市,臺中市大肚區,船頭五街
1609,臺中市,臺中市大肚區,華南路
1610,臺中市,臺中市大肚區,華昌街
1611,臺中市,臺中市大肚區,蔗南路
1612,臺中市,臺中市大肚區,遊園路
1613,臺中市,臺中市龍井區,中南一路
1614,臺中市,臺中市龍井區,中圳路
1615,臺中市,臺中市龍井區,中央路
1616,臺中市,臺中市龍井區,中山中路
1617,臺中市,臺中市龍井區,中沙路
1618,臺中市,臺中市龍井區,中社七街
1619,臺中市,臺中市龍井區,中社二街
1620,臺中市,臺中市龍井區,中社八街
1621,臺中市,臺中市龍井區,中社路
1622,臺中市,臺中市龍井區,中華路
1623,臺中市,臺中市龍井區,南堤路
1624,臺中市,臺中市龍井區,南社一街
1625,臺中市,臺中市龍井區,南社二街
1626,臺中市,臺中市龍井區,台西南路
1627,臺中市,臺中市龍井區,國際街
1628,臺中市,臺中市龍井區,大順街
1629,臺中市,臺中市龍井區,工業路
1630,臺中市,臺中市龍井區,新仁路
1631,臺中市,臺中市龍井區,新興路
1632,臺中市,臺中市龍井區,水裡社街
1633,臺中市,臺中市龍井區,海尾路
1634,臺中市,臺中市龍井區,祥瑞街
1635,臺中市,臺中市龍井區,竹師路
1636,臺中市,臺中市龍井區,臨港東路
1637,臺中市,臺中市龍井區,舊車路
1638,臺中市,臺中市龍井區,藝術北街
1639,臺中市,臺中市龍井區,藝術街
1640,臺中市,臺中市龍井區,西濱路
1641,臺中市,臺中市龍井區,遊園北路
1642,臺中市,臺中市龍井區,遠東街
1643,臺中市,臺中市龍井區,鄉界路
1644,臺中市,臺中市龍井區,龍北路
1645,臺中市,臺中市龍井區,龍新路
1646,臺中市,臺中市龍井區,龍泉街
1647,臺中市,臺中市龍井區,龍港路
1648,臺中市,臺中市龍井區,龍社七街
1649,臺中市,臺中市龍井區,龍社八街
1650,臺中市,臺中市龍井區,龍社路
1651,臺中市,臺中市霧峰區,丁台路
1652,臺中市,臺中市霧峰區,中投東路
1653,臺中市,臺中市霧峰區,中正路
1654,臺中市,臺中市霧峰區,中華路
1655,臺中市,臺中市霧峰區,乾溪路
1656,臺中市,臺中市霧峰區,五福路
1657,臺中市,臺中市霧峰區,仁義路
1658,臺中市,臺中市霧峰區,信義路
1659,臺中市,臺中市霧峰區,光明街
1660,臺中市,臺中市霧峰區,光明路
1661,臺中市,臺中市霧峰區,北岸路
1662,臺中市,臺中市霧峰區,吉峰東路
1663,臺中市,臺中市霧峰區,吉峰路
1664,臺中市,臺中市霧峰區,和平路
1665,臺中市,臺中市霧峰區,四德南路
1666,臺中市,臺中市霧峰區,國中路
1667,臺中市,臺中市霧峰區,太明路
1668,臺中市,臺中市霧峰區,峰北路
1669,臺中市,臺中市霧峰區,峰堤路
1670,臺中市,臺中市霧峰區,峰西路
1671,臺中市,臺中市霧峰區,建國路
1672,臺中市,臺中市霧峰區,復興二街
1673,臺中市,臺中市霧峰區,復興六街
1674,臺中市,臺中市霧峰區,復興四街
1675,臺中市,臺中市霧峰區,德泰街
1676,臺中市,臺中市霧峰區,德維西街
1677,臺中市,臺中市霧峰區,愛國路
1678,臺中市,臺中市霧峰區,成功路
1679,臺中市,臺中市霧峰區,振祥街
1680,臺中市,臺中市霧峰區,振興街
1681,臺中市,臺中市霧峰區,新厝路
1682,臺中市,臺中市霧峰區,新生路
1683,臺中市,臺中市霧峰區,新開街
1684,臺中市,臺中市霧峰區,板橋路
1685,臺中市,臺中市霧峰區,柳豐一街
1686,臺中市,臺中市霧峰區,柳豐二街
1687,臺中市,臺中市霧峰區,柳豐六街
1688,臺中市,臺中市霧峰區,柳豐路
1689,臺中市,臺中市霧峰區,樹仁一街
1690,臺中市,臺中市霧峰區,樹仁五街
1691,臺中市,臺中市霧峰區,樹仁路
1692,臺中市,臺中市霧峰區,民族路
1693,臺中市,臺中市霧峰區,民生路
1694,臺中市,臺中市霧峰區,法治南街
1695,臺中市,臺中市霧峰區,環中路
1696,臺中市,臺中市霧峰區,福新路
1697,臺中市,臺中市霧峰區,育德路
1698,臺中市,臺中市霧峰區,育智街
1699,臺中市,臺中市霧峰區,育賢路
1700,臺中市,臺中市霧峰區,自由路
1701,臺中市,臺中市霧峰區,草湖路
1702,臺中市,臺中市霧峰區,萊園路
1703,臺中市,臺中市霧峰區,豐正路
1704,臺中市,臺中市霧峰區,錦州二街
1705,臺中市,臺中市霧峰區,霧工一路
1706,臺中市,臺中市霧峰區,霧工三路
1707,臺中市,臺中市霧峰區,霧工五路
1708,臺中市,臺中市霧峰區,霧工六路
1709,臺中市,臺中市太平區,中南路
1710,臺中市,臺中市太平區,中山路
1711,臺中市,臺中市太平區,中平九街
1712,臺中市,臺中市太平區,中興東路
1713,臺中市,臺中市太平區,仁和街
1714,臺中市,臺中市太平區,光德路
1715,臺中市,臺中市太平區,光興路
1716,臺中市,臺中市太平區,北田路
1717,臺中市,臺中市太平區,合利街
1718,臺中市,臺中市太平區,園區三路
1719,臺中市,臺中市太平區,園區五路
1720,臺中市,臺中市太平區,坪林路
1721,臺中市,臺中市太平區,大勇街
1722,臺中市,臺中市太平區,大智街
1723,臺中市,臺中市太平區,大源七街
1724,臺中市,臺中市太平區,大源三三街
1725,臺中市,臺中市太平區,大源三十街
1726,臺中市,臺中市太平區,大源九街
1727,臺中市,臺中市太平區,大源二七街
1728,臺中市,臺中市太平區,大源二九街
1729,臺中市,臺中市太平區,大源二五街
1730,臺中市,臺中市太平區,大源二六街
1731,臺中市,臺中市太平區,大源二四街
1732,臺中市,臺中市太平區,大源二路
1733,臺中市,臺中市太平區,大源八街
1734,臺中市,臺中市太平區,大源十一街
1735,臺中市,臺中市太平區,大源十三街
1736,臺中市,臺中市太平區,大源十二街
1737,臺中市,臺中市太平區,大源十八街
1738,臺中市,臺中市太平區,大源十四街
1739,臺中市,臺中市太平區,大源四街
1740,臺中市,臺中市太平區,大興一街
1741,臺中市,臺中市太平區,大興三街
1742,臺中市,臺中市太平區,大興二一街
1743,臺中市,臺中市太平區,大興五街
1744,臺中市,臺中市太平區,大興六街
1745,臺中市,臺中市太平區,大興十七街
1746,臺中市,臺中市太平區,大興十九街
1747,臺中市,臺中市太平區,大興十六街
1748,臺中市,臺中市太平區,大興路
1749,臺中市,臺中市太平區,太堤東路
1750,臺中市,臺中市太平區,太平七街
1751,臺中市,臺中市太平區,太平九街
1752,臺中市,臺中市太平區,太平二三街
1753,臺中市,臺中市太平區,太平二八街
1754,臺中市,臺中市太平區,太平二十街
1755,臺中市,臺中市太平區,太平八街
1756,臺中市,臺中市太平區,太平十一街
1757,臺中市,臺中市太平區,太平十三街
1758,臺中市,臺中市太平區,太平十二街
1759,臺中市,臺中市太平區,太平十八街
1760,臺中市,臺中市太平區,太平十街
1761,臺中市,臺中市太平區,太文路
1762,臺中市,臺中市太平區,太順路
1763,臺中市,臺中市太平區,宜佳街
1764,臺中市,臺中市太平區,宜和街
1765,臺中市,臺中市太平區,宜平路
1766,臺中市,臺中市太平區,宜昌東路
1767,臺中市,臺中市太平區,宜欣一街
1768,臺中市,臺中市太平區,宜欣七街
1769,臺中市,臺中市太平區,宜欣九街
1770,臺中市,臺中市太平區,宜欣二路
1771,臺中市,臺中市太平區,宜欣八街
1772,臺中市,臺中市太平區,宜欣十街
1773,臺中市,臺中市太平區,宜欣路
1774,臺中市,臺中市太平區,宜福街
1775,臺中市,臺中市太平區,富平路
1776,臺中市,臺中市太平區,工業二十路
1777,臺中市,臺中市太平區,工業十九路
1778,臺中市,臺中市太平區,工業十八路
1779,臺中市,臺中市太平區,工業十四路
1780,臺中市,臺中市太平區,廍仔坑路
1781,臺中市,臺中市太平區,建功街
1782,臺中市,臺中市太平區,建和路
1783,臺中市,臺中市太平區,建成街
1784,臺中市,臺中市太平區,建興北路
1785,臺中市,臺中市太平區,復興街
1786,臺中市,臺中市太平區,德安街
1787,臺中市,臺中市太平區,德興街
1788,臺中市,臺中市太平區,怡林街
1789,臺中市,臺中市太平區,成功路
1790,臺中市,臺中市太平區,振文路
1791,臺中市,臺中市太平區,振武路
1792,臺中市,臺中市太平區,振英街
1793,臺中市,臺中市太平區,文華街
1794,臺中市,臺中市太平區,新光路
1795,臺中市,臺中市太平區,新和街
1796,臺中市,臺中市太平區,新平路
1797,臺中市,臺中市太平區,新民路
1798,臺中市,臺中市太平區,新福十街
1799,臺中市,臺中市太平區,新福路
1800,臺中市,臺中市太平區,新興二街
1801,臺中市,臺中市太平區,新英街
1802,臺中市,臺中市太平區,新高路
1803,臺中市,臺中市太平區,旱溪西路
1804,臺中市,臺中市太平區,東平路
1805,臺中市,臺中市太平區,東方三街
1806,臺中市,臺中市太平區,東方四街
1807,臺中市,臺中市太平區,東村三街
1808,臺中市,臺中市太平區,東村六街
1809,臺中市,臺中市太平區,東村路
1810,臺中市,臺中市太平區,樹孝路
1811,臺中市,臺中市太平區,樹德九街
1812,臺中市,臺中市太平區,樹德八街
1813,臺中市,臺中市太平區,樹德路
1814,臺中市,臺中市太平區,正誠街
1815,臺中市,臺中市太平區,民權街
1816,臺中市,臺中市太平區,永利街
1817,臺中市,臺中市太平區,永安街
1818,臺中市,臺中市太平區,永平南路
1819,臺中市,臺中市太平區,永康街
1820,臺中市,臺中市太平區,永成路
1821,臺中市,臺中市太平區,永樂街
1822,臺中市,臺中市太平區,永祥北街
1823,臺中市,臺中市太平區,永義七街
1824,臺中市,臺中市太平區,永義二街
1825,臺中市,臺中市太平區,永義八街
1826,臺中市,臺中市太平區,永義十街
1827,臺中市,臺中市太平區,永華路
1828,臺中市,臺中市太平區,永豐路
1829,臺中市,臺中市太平區,溪洲路
1830,臺中市,臺中市太平區,環太東路
1831,臺中市,臺中市太平區,祥順路
1832,臺中市,臺中市太平區,立功路
1833,臺中市,臺中市太平區,立文街
1834,臺中市,臺中市太平區,立行街
1835,臺中市,臺中市太平區,竹村路
1836,臺中市,臺中市太平區,精美一街
1837,臺中市,臺中市太平區,育仁南路
1838,臺中市,臺中市太平區,育德路
1839,臺中市,臺中市太平區,育英街
1840,臺中市,臺中市太平區,育賢路
1841,臺中市,臺中市太平區,華安街
1842,臺中市,臺中市太平區,長億七街
1843,臺中市,臺中市太平區,長億九街
1844,臺中市,臺中市太平區,長億五街
1845,臺中市,臺中市太平區,長億六街
1846,臺中市,臺中市太平區,長億十一街
1847,臺中市,臺中市太平區,長億十街
1848,臺中市,臺中市太平區,長億南街
1849,臺中市,臺中市太平區,長億東三街
1850,臺中市,臺中市太平區,長億東五街
1851,臺中市,臺中市太平區,長安七街
1852,臺中市,臺中市太平區,長安五街
1853,臺中市,臺中市太平區,長安六街
1854,臺中市,臺中市太平區,長安東路
1855,臺中市,臺中市太平區,長弘街
1856,臺中市,臺中市太平區,長龍路
1857,臺中市,臺中市大里區,三民一街
1858,臺中市,臺中市大里區,三興街
1859,臺中市,臺中市大里區,上興街
1860,臺中市,臺中市大里區,中元路
1861,臺中市,臺中市大里區,中投東路
1862,臺中市,臺中市大里區,中新街
1863,臺中市,臺中市大里區,中興路
1864,臺中市,臺中市大里區,五福一街
1865,臺中市,臺中市大里區,五福二街
1866,臺中市,臺中市大里區,仁化工一路
1867,臺中市,臺中市大里區,仁化工二路
1868,臺中市,臺中市大里區,仁化工八路
1869,臺中市,臺中市大里區,仁化工十二路
1870,臺中市,臺中市大里區,仁化工十六路
1871,臺中市,臺中市大里區,仁化路
1872,臺中市,臺中市大里區,仁堤一街
1873,臺中市,臺中市大里區,仁堤路
1874,臺中市,臺中市大里區,仁愛路
1875,臺中市,臺中市大里區,仁祥街
1876,臺中市,臺中市大里區,仁福二街
1877,臺中市,臺中市大里區,仁禮街
1878,臺中市,臺中市大里區,仁義路
1879,臺中市,臺中市大里區,來興街
1880,臺中市,臺中市大里區,健康二街
1881,臺中市,臺中市大里區,健東二街
1882,臺中市,臺中市大里區,健民路
1883,臺中市,臺中市大里區,元堤路
1884,臺中市,臺中市大里區,光明路
1885,臺中市,臺中市大里區,光正路
1886,臺中市,臺中市大里區,內新街
1887,臺中市,臺中市大里區,公教街
1888,臺中市,臺中市大里區,六桂二路
1889,臺中市,臺中市大里區,利民街
1890,臺中市,臺中市大里區,北湖街
1891,臺中市,臺中市大里區,合信街
1892,臺中市,臺中市大里區,吉善二街
1893,臺中市,臺中市大里區,吉祥街
1894,臺中市,臺中市大里區,向上街
1895,臺中市,臺中市大里區,向學一路
1896,臺中市,臺中市大里區,和平街
1897,臺中市,臺中市大里區,喬城路
1898,臺中市,臺中市大里區,四育街
1899,臺中市,臺中市大里區,國中二路
1900,臺中市,臺中市大里區,國光路
1901,臺中市,臺中市大里區,垂統街
1902,臺中市,臺中市大里區,夏元路
1903,臺中市,臺中市大里區,大元路
1904,臺中市,臺中市大里區,大峰路
1905,臺中市,臺中市大里區,大成街
1906,臺中市,臺中市大里區,大明路
1907,臺中市,臺中市大里區,大興街
1908,臺中市,臺中市大里區,大衛路
1909,臺中市,臺中市大里區,大里二街
1910,臺中市,臺中市大里區,大里路
1911,臺中市,臺中市大里區,好來一街
1912,臺中市,臺中市大里區,好來三街
1913,臺中市,臺中市大里區,好來五街
1914,臺中市,臺中市大里區,峰堤路
1915,臺中市,臺中市大里區,工業七路
1916,臺中市,臺中市大里區,工業九路
1917,臺中市,臺中市大里區,工業二路
1918,臺中市,臺中市大里區,工業八路
1919,臺中市,臺中市大里區,工業十一路
1920,臺中市,臺中市大里區,工業十四路
1921,臺中市,臺中市大里區,工業四路
1922,臺中市,臺中市大里區,德昌一街
1923,臺中市,臺中市大里區,德芳一街
1924,臺中市,臺中市大里區,德芳南三街
1925,臺中市,臺中市大里區,德芳南路
1926,臺中市,臺中市大里區,忠孝路
1927,臺中市,臺中市大里區,愛心三街
1928,臺中市,臺中市大里區,愛心路
1929,臺中市,臺中市大里區,慈德路
1930,臺中市,臺中市大里區,成功路
1931,臺中市,臺中市大里區,振興路
1932,臺中市,臺中市大里區,文心南路
1933,臺中市,臺中市大里區,文隆街
1934,臺中市,臺中市大里區,新仁七街
1935,臺中市,臺中市大里區,新仁二街
1936,臺中市,臺中市大里區,新仁六街
1937,臺中市,臺中市大里區,新仁路
1938,臺中市,臺中市大里區,新南路
1939,臺中市,臺中市大里區,新和路
1940,臺中市,臺中市大里區,新平街
1941,臺中市,臺中市大里區,新明路
1942,臺中市,臺中市大里區,新生路
1943,臺中市,臺中市大里區,新義路
1944,臺中市,臺中市大里區,新芳路
1945,臺中市,臺中市大里區,明仁路
1946,臺中市,臺中市大里區,景庄街
1947,臺中市,臺中市大里區,東文街
1948,臺中市,臺中市大里區,東明路
1949,臺中市,臺中市大里區,東湖路
1950,臺中市,臺中市大里區,東里路
1951,臺中市,臺中市大里區,樹王路
1952,臺中市,臺中市大里區,永明街
1953,臺中市,臺中市大里區,永興路
1954,臺中市,臺中市大里區,永隆七街
1955,臺中市,臺中市大里區,永隆九街
1956,臺中市,臺中市大里區,永隆五街
1957,臺中市,臺中市大里區,永隆六街
1958,臺中市,臺中市大里區,泉水街
1959,臺中市,臺中市大里區,現岱路
1960,臺中市,臺中市大里區,瑞城一街
1961,臺中市,臺中市大里區,環中東路
1962,臺中市,臺中市大里區,瓦󿾨路
1963,臺中市,臺中市大里區,甲園街
1964,臺中市,臺中市大里區,甲堤三街
1965,臺中市,臺中市大里區,甲堤二街
1966,臺中市,臺中市大里區,甲堤八街
1967,臺中市,臺中市大里區,甲堤十一街
1968,臺中市,臺中市大里區,甲堤十街
1969,臺中市,臺中市大里區,甲堤路
1970,臺中市,臺中市大里區,益民路
1971,臺中市,臺中市大里區,祥興路
1972,臺中市,臺中市大里區,福大路
1973,臺中市,臺中市大里區,福興街
1974,臺中市,臺中市大里區,立中一街
1975,臺中市,臺中市大里區,立中二街
1976,臺中市,臺中市大里區,立中六街
1977,臺中市,臺中市大里區,立仁一路
1978,臺中市,臺中市大里區,立仁二路
1979,臺中市,臺中市大里區,立仁四路
1980,臺中市,臺中市大里區,立信街
1981,臺中市,臺中市大里區,立德東街
1982,臺中市,臺中市大里區,立新二街
1983,臺中市,臺中市大里區,立興街
1984,臺中市,臺中市大里區,美村街
1985,臺中市,臺中市大里區,美群路
1986,臺中市,臺中市大里區,自強街
1987,臺中市,臺中市大里區,至善路
1988,臺中市,臺中市大里區,興大南街
1989,臺中市,臺中市大里區,草堤路
1990,臺中市,臺中市大里區,草溪東路
1991,臺中市,臺中市大里區,華城街
1992,臺中市,臺中市大里區,萬安路
1993,臺中市,臺中市大里區,西柳街
1994,臺中市,臺中市大里區,西湖一街
1995,臺中市,臺中市大里區,達明路
1996,臺中市,臺中市大里區,金城街
1997,臺中市,臺中市大里區,金山三街
1998,臺中市,臺中市大里區,金山五街
1999,臺中市,臺中市大里區,金德街
2000,臺中市,臺中市大里區,錦華街
2001,臺中市,臺中市大里區,長城街
2002,臺中市,臺中市大里區,長興一街
2003,臺中市,臺中市大里區,長興二街
2004,臺中市,臺中市大里區,頂厝路
2005,臺中市,臺中市大里區,鳳城街
2006,臺中市,臺中市和平區,中坑路
2007,臺中市,臺中市和平區,中興路
2008,臺中市,臺中市和平區,和平路
2009,臺中市,臺中市和平區,復興路
2010,臺中市,臺中市和平區,東崎路
2011,臺中市,臺中市和平區,武陵路
2012,臺中市,臺中市和平區,福壽路
2013,臺中市,臺中市和平區,雪山路
